Image ID,Class ID
1,0
2,0
3,0
7,0
9,0
10,0
11,0
12,0
13,0
14,0
15,0
16,0
17,0
18,0
20,0
21,0
24,0
25,0
27,0
28,0
30,0
31,0
32,0
33,0
34,0
35,0
36,0
38,0
39,0
41,0
42,0
44,0
45,0
46,0
47,0
48,0
50,0
53,0
54,0
55,0
56,0
58,0
59,0
60,0
62,0
64,0
65,0
66,0
67,0
68,0
69,0
70,0
72,0
73,0
74,0
75,0
76,0
78,0
79,0
80,0
81,0
84,0
85,0
86,0
87,0
88,0
91,2
92,2
96,2
98,2
99,2
100,2
101,2
104,2
107,2
110,2
111,2
112,2
113,2
116,2
117,2
118,2
120,2
121,2
122,2
123,2
124,2
125,2
126,2
127,2
128,2
129,2
132,2
133,2
134,2
135,2
136,2
137,2
138,2
139,2
140,2
141,2
142,2
143,2
145,2
146,2
147,2
148,2
149,2
151,2
154,3
155,3
158,3
159,3
160,3
161,3
162,3
163,3
164,3
165,3
167,3
171,3
172,3
173,3
175,3
177,3
178,3
180,3
183,3
184,3
185,3
186,3
187,3
188,3
189,3
191,3
192,3
193,3
194,3
195,3
197,3
199,3
200,3
201,3
202,3
203,3
205,3
206,3
207,3
208,3
209,3
212,3
214,3
216,3
217,3
218,3
219,3
220,3
222,3
223,3
224,3
225,3
228,3
230,3
231,3
232,3
234,3
236,3
238,3
239,3
240,4
241,4
242,4
244,4
245,4
246,4
247,4
249,4
251,4
252,4
253,4
254,4
255,4
257,4
259,4
260,4
262,4
263,4
264,4
265,4
266,4
267,4
268,4
269,4
270,4
272,4
273,4
274,4
275,4
276,4
277,4
278,4
279,4
280,4
282,4
283,4
284,4
285,4
287,4
289,4
292,4
295,4
298,4
299,4
300,4
301,4
302,4
303,4
304,4
305,4
306,4
307,4
308,4
310,4
313,4
315,4
316,4
318,4
319,4
321,4
323,4
324,5
328,5
330,5
332,5
334,5
338,5
340,5
341,5
342,5
343,5
344,5
345,5
346,5
347,5
348,5
349,5
350,5
351,5
352,5
353,5
354,5
355,5
356,5
357,5
358,5
359,5
360,5
361,5
362,5
363,5
364,5
365,5
366,5
368,5
369,5
370,5
371,5
372,5
373,5
374,5
380,5
381,5
382,5
383,5
384,5
385,5
388,5
389,5
390,5
391,5
393,5
394,5
395,5
396,5
397,5
398,5
403,5
404,5
406,1
408,1
409,1
411,1
414,1
415,1
416,1
417,1
418,1
419,1
420,1
423,1
424,1
425,1
428,1
429,1
431,1
432,1
434,1
436,1
437,1
442,1
443,1
445,1
446,1
447,1
448,1
449,1
450,1
451,1
452,1
454,1
455,1
456,1
457,1
462,1
463,1
464,1
465,1
467,1
468,1
469,1
470,1
471,1
472,1
473,1
475,1
476,1
477,1
478,1
479,1
480,1
482,1
485,1
486,1
487,1
488,1
489,1
490,1
493,1
494,6
495,6
496,6
497,6
499,6
500,6
502,6
503,6
504,6
506,6
507,6
508,6
509,6
510,6
512,6
514,6
516,6
517,6
518,6
521,6
522,6
524,6
525,6
526,6
528,6
529,6
530,6
531,6
532,6
535,6
536,6
537,6
538,6
539,6
540,6
542,6
543,6
544,6
546,6
547,6
548,6
549,6
553,6
554,6
557,6
558,6
559,6
561,6
562,6
563,6
564,6
565,6
568,6
569,6
572,7
573,7
574,7
575,7
576,7
577,7
578,7
579,7
580,7
582,7
584,7
585,7
586,7
587,7
588,7
589,7
590,7
591,7
592,7
595,7
597,7
598,7
599,7
601,7
602,7
603,7
604,7
605,7
608,7
609,7
611,7
612,7
613,7
615,7
616,7
617,7
618,7
619,7
621,7
622,7
624,7
625,7
626,7
627,7
628,7
629,7
630,7
632,7
633,7
635,7
636,7
637,7
638,7
639,7
640,7
641,7
642,7
644,7
645,7
646,7
647,7
648,7
649,7
650,7
651,7
653,7
655,7
657,7
658,7
659,7
662,8
663,8
664,8
665,8
666,8
667,8
669,8
670,8
671,8
672,8
675,8
676,8
677,8
679,8
680,8
681,8
682,8
683,8
684,8
685,8
687,8
688,8
690,8
691,8
694,8
695,8
696,8
698,8
701,8
702,8
703,8
704,8
705,8
706,8
709,8
711,8
713,8
714,8
717,8
718,8
719,8
720,8
721,8
722,8
723,8
724,8
725,8
726,8
727,8
728,8
729,8
731,8
733,8
734,8
737,8
739,8
740,8
742,8
743,8
745,9
746,9
747,9
748,9
750,9
751,9
753,9
754,9
755,9
756,9
757,9
758,9
760,9
762,9
768,9
769,9
770,9
771,9
772,9
773,9
777,9
778,9
779,9
780,9
781,9
782,9
783,9
786,9
787,9
788,9
789,9
790,9
791,9
792,9
793,9
797,9
798,9
799,9
800,9
801,9
802,9
803,9
804,9
805,9
806,9
807,9
808,9
809,9
810,10
811,10
815,10
816,10
817,10
818,10
819,10
820,10
821,10
822,10
823,10
825,10
828,10
829,10
830,10
831,10
832,10
833,10
834,10
835,10
836,10
838,10
840,10
841,10
842,10
843,10
845,10
847,10
848,10
849,10
850,10
851,10
852,10
853,10
854,10
857,10
858,10
859,10
860,10
861,10
862,10
863,10
864,10
866,10
868,10
869,10
870,10
871,10
872,10
873,10
876,10
877,10
878,10
879,10
881,10
883,10
884,10
885,10
887,15
888,15
890,15
891,15
893,15
894,15
896,15
897,15
898,15
900,15
901,15
903,15
904,15
905,15
907,15
909,15
910,15
911,15
912,15
913,15
916,15
918,15
919,15
921,15
922,15
924,15
926,15
927,15
928,15
932,15
933,15
935,15
937,15
938,15
939,15
943,15
944,15
947,15
948,15
950,15
951,15
952,15
953,15
954,15
955,15
956,15
957,15
958,15
959,13
960,13
964,13
965,13
967,13
968,13
969,13
970,13
971,13
972,13
973,13
974,13
975,13
976,13
978,13
982,13
984,13
985,13
987,13
988,13
989,13
993,13
995,13
996,13
997,13
998,13
999,13
1000,13
1001,13
1002,13
1003,13
1005,13
1006,13
1009,13
1010,13
1012,13
1013,13
1014,13
1015,13
1016,13
1017,13
1018,13
1019,13
1020,13
1021,13
1022,13
1023,13
1024,13
1025,13
1026,13
1027,13
1028,13
1031,13
1032,13
1033,13
1034,13
1036,13
1039,13
1041,23
1043,23
1045,23
1046,23
1047,23
1048,23
1049,23
1051,23
1053,23
1054,23
1056,23
1057,23
1059,23
1060,23
1061,23
1062,23
1063,23
1065,23
1066,23
1067,23
1068,23
1069,23
1070,23
1071,23
1075,23
1076,23
1077,23
1078,23
1079,23
1081,23
1084,23
1087,23
1088,23
1094,23
1095,23
1097,23
1099,23
1100,23
1101,23
1102,23
1103,23
1104,23
1105,23
1106,23
1107,23
1110,23
1112,23
1113,23
1115,23
1117,23
1118,23
1121,23
1125,23
1126,14
1127,14
1128,14
1130,14
1131,14
1132,14
1134,14
1135,14
1136,14
1137,14
1138,14
1139,14
1143,14
1144,14
1146,14
1149,14
1150,14
1152,14
1153,14
1154,14
1155,14
1156,14
1158,14
1163,14
1165,14
1166,14
1168,14
1172,14
1178,14
1179,14
1180,14
1182,14
1183,14
1184,14
1188,14
1191,14
1192,14
1193,14
1194,14
1195,14
1196,14
1197,14
1199,14
1200,14
1202,14
1203,14
1205,14
1206,14
1207,14
1208,14
1209,14
1210,14
1211,14
1212,24
1213,24
1215,24
1216,24
1217,24
1218,24
1220,24
1221,24
1222,24
1224,24
1225,24
1226,24
1228,24
1230,24
1231,24
1233,24
1234,24
1236,24
1237,24
1238,24
1239,24
1241,24
1242,24
1243,24
1245,24
1246,24
1247,24
1248,24
1249,24
1250,24
1251,24
1253,24
1255,24
1256,24
1257,24
1258,24
1260,24
1263,24
1264,24
1265,24
1266,24
1267,24
1268,24
1269,24
1271,24
1274,24
1277,24
1278,24
1279,24
1281,24
1284,24
1285,24
1286,24
1287,24
1288,24
1289,24
1290,24
1293,24
1294,24
1295,24
1297,24
1298,24
1299,11
1300,11
1301,11
1307,11
1308,11
1309,11
1310,11
1312,11
1313,11
1314,11
1316,11
1317,11
1318,11
1319,11
1321,11
1322,11
1323,11
1324,11
1325,11
1326,11
1327,11
1328,11
1332,11
1333,11
1334,11
1336,11
1337,11
1338,11
1339,11
1340,11
1342,11
1343,11
1344,11
1345,11
1346,11
1351,11
1352,11
1353,11
1355,11
1356,11
1357,11
1358,11
1360,11
1361,11
1362,11
1364,11
1365,11
1366,11
1367,11
1368,11
1369,11
1370,11
1371,11
1374,11
1375,11
1376,11
1377,11
1378,11
1379,11
1380,12
1381,12
1382,12
1383,12
1384,12
1385,12
1386,12
1387,12
1388,12
1391,12
1392,12
1395,12
1396,12
1397,12
1402,12
1403,12
1404,12
1406,12
1408,12
1409,12
1410,12
1411,12
1413,12
1414,12
1415,12
1416,12
1418,12
1419,12
1421,12
1424,12
1425,12
1426,12
1427,12
1429,12
1431,12
1432,12
1434,12
1435,12
1437,12
1438,12
1439,12
1441,12
1443,12
1444,12
1445,12
1448,12
1450,12
1451,12
1453,12
1454,12
1455,12
1457,12
1461,12
1462,12
1466,21
1468,21
1470,21
1471,21
1472,21
1476,21
1477,21
1478,21
1480,21
1481,21
1482,21
1483,21
1485,21
1487,21
1488,21
1489,21
1490,21
1492,21
1493,21
1494,21
1495,21
1496,21
1497,21
1498,21
1503,21
1505,21
1506,21
1509,21
1510,21
1511,21
1513,21
1514,21
1515,21
1516,21
1517,21
1518,21
1519,21
1520,21
1521,21
1522,21
1526,21
1527,21
1530,21
1532,21
1536,21
1545,21
1546,20
1547,20
1549,20
1550,20
1551,20
1552,20
1553,20
1554,20
1555,20
1556,20
1557,20
1560,20
1562,20
1563,20
1564,20
1565,20
1567,20
1568,20
1569,20
1572,20
1573,20
1575,20
1577,20
1578,20
1580,20
1581,20
1583,20
1585,20
1586,20
1587,20
1588,20
1589,20
1591,20
1592,20
1594,20
1595,20
1596,20
1597,20
1599,20
1600,20
1602,20
1603,20
1604,20
1605,20
1608,20
1609,20
1610,20
1613,20
1614,20
1616,20
1617,20
1618,20
1619,20
1621,20
1622,20
1623,20
1625,20
1628,20
1629,20
1631,20
1632,20
1633,20
1634,20
1636,20
1637,20
1638,18
1641,18
1642,18
1643,18
1644,18
1645,18
1646,18
1647,18
1648,18
1649,18
1650,18
1651,18
1654,18
1656,18
1657,18
1658,18
1660,18
1661,18
1662,18
1663,18
1667,18
1669,18
1670,18
1672,18
1673,18
1674,18
1675,18
1676,18
1677,18
1678,18
1679,18
1681,18
1683,18
1685,18
1686,18
1688,18
1690,18
1691,18
1692,18
1693,18
1694,18
1695,18
1697,18
1698,18
1699,18
1700,18
1701,18
1702,18
1704,18
1709,18
1710,18
1711,18
1712,18
1713,18
1715,18
1716,18
1718,18
1719,18
1727,19
1728,19
1729,19
1730,19
1731,19
1732,19
1733,19
1735,19
1736,19
1737,19
1738,19
1740,19
1744,19
1745,19
1746,19
1747,19
1748,19
1750,19
1751,19
1753,19
1754,19
1755,19
1758,19
1759,19
1760,19
1761,19
1762,19
1764,19
1767,19
1768,19
1769,19
1770,19
1771,19
1772,19
1773,19
1777,19
1780,19
1781,19
1782,19
1783,19
1785,19
1786,19
1787,19
1788,19
1790,19
1791,19
1792,19
1794,19
1795,19
1797,19
1798,19
1800,19
1802,19
1803,19
1808,17
1809,17
1810,17
1811,17
1814,17
1815,17
1816,17
1817,17
1818,17
1819,17
1821,17
1822,17
1825,17
1826,17
1827,17
1828,17
1829,17
1830,17
1831,17
1832,17
1833,17
1834,17
1835,17
1838,17
1839,17
1840,17
1841,17
1842,17
1843,17
1844,17
1846,17
1847,17
1849,17
1850,17
1851,17
1852,17
1853,17
1854,17
1855,17
1856,17
1857,17
1860,17
1862,17
1863,17
1865,17
1866,17
1871,17
1872,17
1873,17
1874,17
1877,17
1879,17
1880,17
1882,17
1885,17
1886,16
1887,16
1888,16
1889,16
1890,16
1891,16
1892,16
1893,16
1894,16
1895,16
1898,16
1900,16
1901,16
1902,16
1903,16
1904,16
1906,16
1908,16
1909,16
1910,16
1911,16
1912,16
1913,16
1914,16
1915,16
1916,16
1918,16
1919,16
1920,16
1921,16
1923,16
1924,16
1925,16
1926,16
1927,16
1929,16
1930,16
1931,16
1932,16
1934,16
1935,16
1936,16
1937,16
1939,16
1940,16
1942,16
1943,16
1945,16
1946,16
1950,16
1951,16
1952,16
1953,16
1954,16
1955,16
1956,16
1959,16
1961,16
1962,16
1963,16
1964,16
1965,16
1966,16
1967,16
1969,16
1971,16
1973,16
1975,16
1976,22
1977,22
1978,22
1981,22
1982,22
1985,22
1986,22
1987,22
1988,22
1990,22
1991,22
1992,22
1995,22
1996,22
1997,22
2001,22
2002,22
2003,22
2004,22
2005,22
2006,22
2007,22
2008,22
2009,22
2010,22
2013,22
2014,22
2015,22
2017,22
2018,22
2019,22
2023,22
2024,22
2026,22
2028,22
2029,22
2030,22
2033,22
2034,22
2035,22
2036,22
2038,22
2039,22
2040,22
2041,22
2042,22
2043,22
2044,22
2045,22
2046,22
2047,22
2048,22
2049,22
2050,22
2051,22
2052,22
2054,22
2055,30
2058,30
2059,30
2062,30
2063,30
2064,30
2066,30
2069,30
2071,30
2075,30
2076,30
2077,30
2078,30
2082,30
2083,30
2084,30
2085,30
2087,30
2088,30
2090,30
2091,30
2092,30
2093,30
2094,30
2095,30
2097,30
2101,30
2102,30
2103,30
2105,30
2107,30
2108,30
2109,30
2110,30
2111,30
2112,30
2113,30
2114,30
2115,30
2116,30
2118,30
2119,30
2121,30
2123,25
2126,25
2127,25
2129,25
2130,25
2131,25
2132,25
2133,25
2134,25
2135,25
2136,25
2138,25
2142,25
2146,25
2147,25
2148,25
2150,25
2151,25
2154,25
2155,25
2156,25
2157,25
2158,25
2159,25
2160,25
2161,25
2162,25
2163,25
2165,25
2166,25
2168,25
2169,25
2174,25
2177,25
2178,25
2182,25
2184,25
2189,25
2190,25
2191,25
2194,26
2195,26
2197,26
2198,26
2199,26
2202,26
2203,26
2206,26
2207,26
2208,26
2210,26
2213,26
2215,26
2216,26
2217,26
2218,26
2219,26
2220,26
2222,26
2223,26
2225,26
2230,26
2231,26
2232,26
2234,26
2235,26
2236,26
2237,26
2238,26
2239,26
2240,26
2241,26
2242,26
2243,26
2245,26
2246,26
2247,26
2249,26
2250,26
2251,26
2252,26
2254,26
2255,26
2256,26
2257,26
2258,26
2259,26
2260,26
2261,26
2262,26
2263,26
2264,26
2265,26
2266,26
2267,26
2268,26
2269,26
2270,26
2271,26
2273,26
2275,26
2276,27
2277,27
2280,27
2281,27
2283,27
2286,27
2289,27
2290,27
2291,27
2292,27
2293,27
2295,27
2300,27
2301,27
2302,27
2303,27
2304,27
2305,27
2306,27
2307,27
2309,27
2310,27
2311,27
2312,27
2315,27
2316,27
2318,27
2319,27
2320,27
2322,27
2323,27
2325,27
2326,27
2327,27
2328,27
2329,27
2330,27
2331,27
2333,27
2334,27
2337,27
2338,27
2339,27
2340,27
2341,27
2342,27
2343,27
2344,27
2345,27
2346,27
2347,27
2348,27
2349,27
2351,27
2352,27
2353,27
2354,27
2355,27
2356,27
2357,27
2359,27
2362,28
2363,28
2364,28
2365,28
2366,28
2369,28
2370,28
2371,28
2373,28
2375,28
2376,28
2378,28
2379,28
2380,28
2381,28
2382,28
2384,28
2385,28
2386,28
2387,28
2389,28
2390,28
2393,28
2396,28
2397,28
2398,28
2400,28
2402,28
2403,28
2404,28
2406,28
2407,28
2408,28
2410,28
2411,28
2412,28
2415,28
2418,28
2419,28
2421,28
2423,28
2424,28
2427,28
2428,28
2429,28
2430,28
2434,28
2435,28
2437,28
2438,28
2439,28
2442,28
2443,28
2445,29
2446,29
2447,29
2449,29
2450,29
2451,29
2453,29
2455,29
2457,29
2458,29
2461,29
2465,29
2466,29
2467,29
2468,29
2469,29
2470,29
2471,29
2472,29
2473,29
2474,29
2476,29
2477,29
2479,29
2482,29
2483,29
2484,29
2485,29
2486,29
2487,29
2493,29
2494,29
2495,29
2496,29
2498,29
2499,29
2500,29
2502,29
2505,29
2507,29
2508,29
2509,29
2510,29
2511,29
2512,29
2513,29
2514,29
2515,29
2516,29
2517,29
2519,29
2520,29
2523,29
2525,29
2530,29
2531,29
2533,35
2534,35
2535,35
2536,35
2537,35
2538,35
2539,35
2540,35
2541,35
2542,35
2543,35
2546,35
2547,35
2548,35
2549,35
2550,35
2551,35
2552,35
2554,35
2555,35
2556,35
2557,35
2558,35
2559,35
2560,35
2561,35
2562,35
2563,35
2564,35
2566,35
2567,35
2570,35
2572,35
2573,35
2574,35
2576,35
2577,35
2579,35
2580,35
2582,35
2583,35
2584,35
2585,35
2587,35
2590,35
2592,35
2593,35
2594,35
2595,35
2596,35
2598,35
2599,35
2602,35
2603,35
2604,35
2605,35
2607,35
2609,35
2610,35
2612,35
2613,35
2614,35
2615,36
2616,36
2617,36
2618,36
2620,36
2621,36
2622,36
2623,36
2625,36
2626,36
2628,36
2629,36
2630,36
2632,36
2633,36
2635,36
2636,36
2638,36
2639,36
2642,36
2643,36
2645,36
2646,36
2648,36
2649,36
2652,36
2653,36
2656,36
2657,36
2658,36
2660,36
2661,36
2662,36
2663,36
2664,36
2665,36
2666,36
2668,36
2669,36
2672,36
2673,36
2676,36
2678,36
2680,36
2681,36
2682,36
2683,36
2686,36
2687,36
2688,36
2689,36
2690,36
2691,36
2693,36
2694,36
2695,36
2696,36
2698,36
2699,31
2701,31
2702,31
2703,31
2704,31
2708,31
2709,31
2712,31
2713,31
2714,31
2715,31
2716,31
2717,31
2718,31
2719,31
2720,31
2721,31
2723,31
2724,31
2725,31
2727,31
2728,31
2729,31
2730,31
2732,31
2733,31
2734,31
2735,31
2736,31
2737,31
2738,31
2739,31
2742,31
2744,31
2745,31
2746,31
2748,31
2749,31
2750,31
2751,31
2752,31
2753,31
2755,31
2761,31
2764,31
2765,31
2766,31
2771,31
2772,31
2774,31
2775,31
2776,31
2777,31
2778,31
2781,31
2782,31
2784,31
2786,31
2787,31
2788,32
2789,32
2790,32
2791,32
2793,32
2795,32
2796,32
2797,32
2798,32
2800,32
2802,32
2806,32
2807,32
2809,32
2810,32
2811,32
2812,32
2815,32
2816,32
2818,32
2819,32
2820,32
2821,32
2823,32
2824,32
2826,32
2827,32
2828,32
2830,32
2832,32
2836,32
2837,32
2838,32
2839,32
2840,32
2841,32
2842,32
2844,32
2845,32
2846,32
2847,32
2848,32
2849,32
2850,32
2851,32
2852,32
2853,32
2854,32
2855,32
2857,32
2858,32
2859,32
2860,32
2863,32
2864,32
2867,32
2868,32
2869,32
2870,33
2871,33
2873,33
2875,33
2878,33
2879,33
2881,33
2882,33
2883,33
2885,33
2886,33
2887,33
2888,33
2889,33
2890,33
2891,33
2892,33
2894,33
2895,33
2897,33
2900,33
2902,33
2903,33
2904,33
2905,33
2907,33
2908,33
2910,33
2913,33
2916,33
2919,33
2920,33
2922,33
2925,33
2927,33
2932,33
2934,33
2935,33
2936,33
2937,33
2938,33
2939,33
2941,33
2942,33
2943,33
2944,33
2945,33
2946,33
2948,33
2949,33
2950,33
2951,33
2952,34
2954,34
2955,34
2956,34
2957,34
2958,34
2959,34
2960,34
2961,34
2963,34
2964,34
2966,34
2967,34
2968,34
2971,34
2972,34
2976,34
2978,34
2979,34
2982,34
2983,34
2985,34
2986,34
2987,34
2989,34
2990,34
2991,34
2992,34
2993,34
2995,34
2996,34
2997,34
2998,34
3000,34
3001,34
3004,34
3005,34
3006,34
3008,34
3009,34
3010,34
3011,34
3012,34
3014,34
3015,34
3016,34
3017,34
3018,34
3019,34
3020,34
3022,34
3023,34
3026,34
3030,37
3031,37
3032,37
3034,37
3035,37
3036,37
3037,37
3038,37
3041,37
3042,37
3045,37
3047,37
3048,37
3049,37
3051,37
3052,37
3053,37
3056,37
3057,37
3058,37
3060,37
3061,37
3062,37
3064,37
3065,37
3067,37
3068,37
3069,37
3070,37
3071,37
3074,37
3078,37
3079,37
3081,37
3082,37
3083,37
3085,37
3086,37
3087,37
3089,37
3091,37
3092,37
3093,37
3094,37
3095,37
3096,37
3099,37
3100,37
3101,37
3103,37
3104,37
3106,37
3107,37
3108,37
3109,37
3110,42
3111,42
3115,42
3116,42
3117,42
3119,42
3120,42
3121,42
3122,42
3123,42
3124,42
3125,42
3126,42
3127,42
3128,42
3129,42
3130,42
3131,42
3133,42
3135,42
3137,42
3138,42
3141,42
3142,42
3143,42
3144,42
3145,42
3146,42
3148,42
3149,42
3151,42
3152,42
3156,42
3157,42
3158,42
3159,42
3163,42
3164,42
3165,42
3166,42
3167,42
3170,42
3172,42
3173,42
3175,42
3178,42
3179,42
3180,42
3181,42
3182,42
3183,38
3184,38
3185,38
3186,38
3188,38
3191,38
3194,38
3195,38
3197,38
3198,38
3199,38
3200,38
3201,38
3203,38
3205,38
3206,38
3208,38
3209,38
3211,38
3212,38
3213,38
3214,38
3215,38
3217,38
3218,38
3219,38
3221,38
3222,38
3225,38
3226,38
3229,38
3233,38
3234,38
3235,38
3236,38
3237,38
3239,38
3240,38
3241,38
3244,38
3245,38
3247,38
3248,38
3249,38
3252,38
3254,38
3255,38
3257,38
3258,38
3259,38
3260,38
3261,43
3263,43
3265,43
3266,43
3267,43
3268,43
3269,43
3270,43
3271,43
3274,43
3275,43
3276,43
3278,43
3280,43
3282,43
3283,43
3286,43
3287,43
3289,43
3291,43
3292,43
3294,43
3295,43
3300,43
3302,43
3303,43
3304,43
3305,43
3306,43
3307,43
3312,43
3313,43
3314,43
3315,43
3316,43
3317,43
3318,43
3319,43
3320,43
3321,43
3322,43
3323,43
3325,43
3327,43
3328,43
3329,43
3330,43
3332,41
3336,41
3337,41
3338,41
3339,41
3340,41
3341,41
3342,41
3343,41
3346,41
3348,41
3349,41
3350,41
3352,41
3354,41
3358,41
3359,41
3362,41
3363,41
3364,41
3366,41
3367,41
3368,41
3369,41
3372,41
3373,41
3374,41
3375,41
3378,41
3379,41
3380,41
3381,41
3383,41
3384,41
3385,41
3388,41
3390,41
3391,41
3392,41
3393,41
3394,41
3395,41
3396,41
3397,41
3398,41
3399,41
3400,41
3403,40
3404,40
3405,40
3406,40
3407,40
3410,40
3412,40
3413,40
3414,40
3415,40
3418,40
3419,40
3420,40
3421,40
3422,40
3423,40
3424,40
3426,40
3427,40
3430,40
3431,40
3432,40
3433,40
3434,40
3435,40
3436,40
3438,40
3442,40
3444,40
3446,40
3447,40
3448,40
3451,40
3452,40
3453,40
3454,40
3455,40
3456,40
3457,40
3458,40
3459,40
3464,40
3465,40
3466,40
3467,40
3469,40
3470,40
3471,40
3472,40
3473,40
3474,40
3475,40
3476,40
3477,40
3478,40
3480,40
3482,40
3483,40
3487,40
3488,40
3489,40
3490,40
3491,40
3492,40
3493,39
3494,39
3495,39
3497,39
3498,39
3499,39
3500,39
3501,39
3503,39
3505,39
3506,39
3507,39
3510,39
3512,39
3513,39
3515,39
3516,39
3517,39
3518,39
3519,39
3520,39
3521,39
3522,39
3525,39
3526,39
3527,39
3529,39
3530,39
3531,39
3532,39
3533,39
3535,39
3536,39
3537,39
3538,39
3539,39
3542,39
3545,39
3546,39
3547,39
3548,39
3549,39
3553,39
3554,39
3556,39
3557,39
3560,39
3562,39
3563,39
3564,39
3565,39
3566,39
3568,39
3570,39
3571,39
3573,39
3574,39
3575,39
3578,39
3580,39
3581,39
3582,44
3584,44
3585,44
3587,44
3588,44
3589,44
3591,44
3592,44
3593,44
3594,44
3596,44
3598,44
3599,44
3600,44
3601,44
3602,44
3605,44
3607,44
3610,44
3612,44
3613,44
3614,44
3615,44
3617,44
3620,44
3621,44
3622,44
3623,44
3625,44
3627,44
3628,44
3630,44
3631,44
3632,44
3634,44
3635,44
3636,44
3637,44
3638,44
3639,44
3640,44
3642,44
3643,44
3644,44
3645,44
3649,45
3650,45
3652,45
3653,45
3654,45
3655,45
3656,45
3657,45
3658,45
3660,45
3661,45
3662,45
3663,45
3664,45
3665,45
3666,45
3667,45
3668,45
3669,45
3670,45
3672,45
3673,45
3675,45
3676,45
3677,45
3679,45
3680,45
3682,45
3683,45
3684,45
3685,45
3686,45
3687,45
3689,45
3690,45
3692,45
3693,45
3696,45
3698,45
3700,45
3701,45
3702,45
3703,45
3704,45
3705,45
3706,45
3707,45
3708,45
3709,45
3710,45
3713,45
3714,45
3719,45
3721,45
3722,45
3723,45
3724,45
3725,45
3727,45
3729,45
3730,45
3732,45
3734,48
3735,48
3737,48
3738,48
3740,48
3741,48
3743,48
3746,48
3747,48
3748,48
3749,48
3751,48
3752,48
3754,48
3755,48
3758,48
3759,48
3760,48
3762,48
3763,48
3764,48
3765,48
3770,48
3771,48
3772,48
3773,48
3774,48
3776,48
3779,48
3780,48
3781,48
3785,48
3786,48
3787,48
3788,48
3789,48
3790,48
3792,48
3794,48
3796,48
3797,48
3798,48
3800,48
3801,48
3802,48
3804,47
3805,47
3808,47
3809,47
3811,47
3812,47
3813,47
3814,47
3815,47
3816,47
3817,47
3819,47
3820,47
3821,47
3822,47
3823,47
3824,47
3826,47
3827,47
3828,47
3829,47
3831,47
3832,47
3834,47
3835,47
3837,47
3838,47
3839,47
3841,47
3842,47
3843,47
3846,47
3847,47
3850,47
3851,47
3853,47
3855,47
3856,47
3858,47
3859,47
3862,47
3863,47
3865,47
3866,47
3869,47
3870,47
3872,47
3873,47
3874,47
3875,47
3877,47
3879,47
3880,47
3881,47
3884,47
3885,47
3886,47
3887,47
3888,47
3891,49
3892,49
3893,49
3894,49
3895,49
3896,49
3898,49
3899,49
3901,49
3904,49
3908,49
3909,49
3910,49
3913,49
3914,49
3916,49
3918,49
3920,49
3924,49
3925,49
3927,49
3928,49
3929,49
3930,49
3931,49
3932,49
3933,49
3934,49
3935,49
3937,49
3938,49
3939,49
3940,49
3941,49
3942,49
3943,49
3945,49
3946,49
3947,49
3948,49
3949,49
3950,49
3951,49
3954,49
3956,49
3957,49
3958,49
3959,49
3960,49
3961,49
3963,49
3964,46
3965,46
3967,46
3969,46
3971,46
3973,46
3974,46
3975,46
3976,46
3977,46
3979,46
3980,46
3983,46
3984,46
3985,46
3986,46
3987,46
3988,46
3989,46
3990,46
3991,46
3992,46
3993,46
3994,46
3995,46
3997,46
3998,46
3999,46
4000,46
4001,46
4002,46
4003,46
4004,46
4005,46
4006,46
4007,46
4008,46
4009,46
4010,46
4011,46
4012,46
4013,46
4015,46
4018,46
4020,46
4022,46
4023,46
4026,46
4028,46
4029,46
4032,46
4033,46
4034,46
4039,46
4040,46
4041,46
4042,46
4043,46
4044,46
4045,46
4046,46
4047,46
4050,50
4051,50
4052,50
4053,50
4054,50
4055,50
4056,50
4057,50
4058,50
4060,50
4061,50
4062,50
4063,50
4065,50
4066,50
4067,50
4070,50
4071,50
4072,50
4074,50
4075,50
4076,50
4077,50
4078,50
4079,50
4081,50
4082,50
4083,50
4085,50
4086,50
4088,50
4089,50
4090,50
4092,50
4093,50
4094,50
4095,50
4099,50
4100,50
4101,50
4102,50
4103,50
4106,50
4107,50
4109,50
4110,50
4111,50
4114,50
4115,50
4117,50
4118,50
4120,50
4121,50
4122,50
4123,50
4124,50
4125,50
4127,50
4128,50
4130,50
4132,50
4133,50
4134,52
4135,52
4136,52
4137,52
4138,52
4140,52
4141,52
4142,52
4143,52
4144,52
4145,52
4146,52
4147,52
4148,52
4150,52
4151,52
4152,52
4153,52
4155,52
4156,52
4157,52
4159,52
4160,52
4161,52
4162,52
4163,52
4166,52
4167,52
4168,52
4169,52
4170,52
4171,52
4172,52
4174,52
4176,52
4177,52
4178,52
4179,52
4180,52
4182,52
4183,52
4185,52
4186,52
4188,52
4189,52
4190,52
4191,52
4192,52
4193,52
4194,52
4195,52
4197,52
4198,52
4199,52
4200,52
4203,52
4204,52
4205,52
4206,52
4207,52
4210,52
4211,52
4212,52
4214,52
4216,51
4217,51
4218,51
4219,51
4220,51
4221,51
4223,51
4224,51
4225,51
4229,51
4230,51
4231,51
4232,51
4233,51
4235,51
4236,51
4237,51
4238,51
4239,51
4240,51
4241,51
4242,51
4243,51
4244,51
4245,51
4246,51
4247,51
4249,51
4251,51
4252,51
4253,51
4254,51
4255,51
4256,51
4257,51
4258,51
4259,51
4260,51
4261,51
4262,51
4263,51
4264,51
4265,51
4266,51
4267,51
4269,51
4271,51
4272,51
4275,51
4279,51
4280,51
4284,51
4286,51
4287,51
4288,51
4289,51
4290,51
4291,51
4292,51
4293,51
4294,51
4295,51
4296,51
4297,51
4299,51
4300,51
4303,51
4304,51
4306,68
4308,68
4311,68
4312,68
4313,68
4314,68
4316,68
4317,68
4321,68
4324,68
4326,68
4327,68
4328,68
4334,68
4335,68
4336,68
4337,68
4338,68
4339,68
4341,68
4343,68
4344,68
4345,68
4347,68
4348,68
4350,68
4351,68
4352,68
4354,68
4355,68
4356,68
4357,68
4358,68
4359,68
4362,68
4364,68
4365,68
4366,68
4367,68
4368,68
4369,68
4370,68
4371,68
4372,68
4373,68
4375,68
4376,68
4377,68
4379,68
4380,68
4381,68
4382,68
4386,56
4389,56
4391,56
4392,56
4393,56
4394,56
4396,56
4397,56
4398,56
4402,56
4403,56
4404,56
4405,56
4406,56
4408,56
4409,56
4410,56
4411,56
4414,56
4415,56
4416,56
4417,56
4418,56
4421,56
4423,56
4424,56
4425,56
4428,56
4429,56
4430,56
4431,56
4433,56
4435,56
4436,56
4437,56
4439,56
4440,56
4442,56
4444,56
4445,56
4447,56
4448,56
4449,56
4450,56
4452,56
4453,56
4456,56
4457,56
4458,56
4460,56
4461,56
4463,56
4465,58
4466,58
4467,58
4468,58
4469,58
4470,58
4471,58
4472,58
4473,58
4474,58
4475,58
4476,58
4477,58
4478,58
4479,58
4481,58
4482,58
4485,58
4487,58
4489,58
4490,58
4491,58
4494,58
4495,58
4496,58
4497,58
4498,58
4499,58
4501,58
4502,58
4504,58
4505,58
4506,58
4508,58
4510,58
4512,58
4514,58
4515,58
4516,58
4517,58
4518,58
4522,58
4523,58
4524,58
4527,58
4528,58
4530,58
4531,58
4532,58
4533,58
4535,58
4539,58
4540,58
4541,58
4542,58
4544,58
4545,58
4546,58
4547,58
4548,58
4549,58
4550,58
4552,58
4553,58
4554,58
4555,58
4556,58
4557,57
4558,57
4559,57
4560,57
4561,57
4562,57
4563,57
4564,57
4565,57
4568,57
4570,57
4572,57
4574,57
4575,57
4577,57
4579,57
4580,57
4582,57
4584,57
4586,57
4587,57
4588,57
4591,57
4592,57
4594,57
4595,57
4596,57
4598,57
4599,57
4600,57
4601,57
4602,57
4606,57
4607,57
4613,57
4614,57
4616,57
4617,57
4618,57
4619,57
4620,57
4621,57
4623,57
4624,57
4625,57
4626,57
4627,57
4628,57
4629,57
4630,57
4631,57
4633,74
4635,74
4637,74
4638,74
4640,74
4641,74
4643,74
4644,74
4645,74
4646,74
4647,74
4648,74
4650,74
4651,74
4653,74
4655,74
4656,74
4658,74
4660,74
4661,74
4662,74
4663,74
4664,74
4665,74
4666,74
4667,74
4668,74
4671,74
4672,74
4673,74
4674,74
4675,74
4677,74
4678,74
4679,74
4681,74
4682,74
4683,74
4685,74
4686,74
4687,74
4688,74
4689,74
4690,74
4691,74
4692,74
4694,74
4695,74
4697,74
4698,74
4699,74
4700,74
4701,74
4702,74
4703,74
4704,74
4706,74
4707,74
4709,74
4710,74
4712,74
4713,74
4714,74
4717,74
4719,74
4720,54
4721,54
4722,54
4724,54
4725,54
4726,54
4727,54
4730,54
4732,54
4733,54
4734,54
4735,54
4737,54
4738,54
4739,54
4740,54
4742,54
4743,54
4744,54
4745,54
4746,54
4747,54
4749,54
4750,54
4751,54
4753,54
4754,54
4755,54
4756,54
4759,54
4762,54
4764,54
4765,54
4766,54
4768,54
4769,54
4770,54
4771,54
4772,54
4773,54
4774,54
4776,54
4777,54
4778,54
4779,54
4781,54
4783,54
4784,54
4785,54
4786,54
4787,54
4788,54
4789,54
4790,54
4791,54
4792,54
4793,54
4796,54
4799,54
4802,54
4803,54
4804,54
4805,54
4806,54
4807,54
4809,61
4810,61
4812,61
4813,61
4815,61
4816,61
4818,61
4819,61
4823,61
4824,61
4826,61
4829,61
4830,61
4831,61
4832,61
4834,61
4835,61
4836,61
4837,61
4840,61
4841,61
4842,61
4843,61
4844,61
4846,61
4848,61
4849,61
4850,61
4851,61
4852,61
4853,61
4854,61
4855,61
4857,61
4859,61
4861,61
4863,61
4864,61
4865,61
4866,61
4868,61
4869,61
4871,61
4872,61
4873,61
4878,61
4879,61
4880,61
4882,62
4883,62
4884,62
4885,62
4886,62
4887,62
4888,62
4890,62
4895,62
4897,62
4898,62
4899,62
4900,62
4902,62
4904,62
4906,62
4907,62
4909,62
4910,62
4911,62
4912,62
4913,62
4914,62
4915,62
4916,62
4917,62
4920,62
4922,62
4923,62
4924,62
4925,62
4926,62
4927,62
4928,62
4930,62
4931,62
4933,62
4934,62
4937,62
4938,62
4939,62
4940,62
4941,62
4944,62
4947,62
4948,62
4949,62
4951,62
4952,62
4953,62
4959,62
4960,62
4961,62
4963,62
4964,62
4965,62
4966,62
4967,62
4968,72
4970,72
4971,72
4972,72
4973,72
4974,72
4975,72
4977,72
4978,72
4979,72
4980,72
4981,72
4984,72
4985,72
4986,72
4988,72
4991,72
4992,72
4993,72
4996,72
4997,72
4998,72
4999,72
5000,72
5003,72
5005,72
5006,72
5007,72
5008,72
5009,72
5010,72
5011,72
5012,72
5014,72
5015,72
5016,72
5017,72
5018,72
5020,72
5023,72
5024,72
5027,72
5029,72
5031,72
5032,72
5033,72
5035,72
5036,72
5039,72
5041,72
5042,71
5043,71
5044,71
5045,71
5046,71
5048,71
5049,71
5050,71
5052,71
5053,71
5054,71
5056,71
5057,71
5059,71
5060,71
5061,71
5062,71
5063,71
5064,71
5066,71
5070,71
5071,71
5072,71
5073,71
5074,71
5076,71
5079,71
5081,71
5082,71
5084,71
5086,71
5087,71
5088,71
5089,71
5090,71
5091,71
5092,71
5093,71
5095,71
5096,71
5097,71
5099,71
5101,71
5102,71
5105,71
5106,71
5107,71
5108,71
5109,71
5110,71
5112,71
5115,71
5116,71
5118,71
5119,71
5120,71
5121,71
5122,71
5123,71
5124,71
5125,71
5127,71
5131,59
5132,59
5133,59
5136,59
5137,59
5138,59
5139,59
5141,59
5143,59
5144,59
5145,59
5146,59
5148,59
5149,59
5150,59
5152,59
5153,59
5155,59
5156,59
5157,59
5160,59
5161,59
5163,59
5164,59
5165,59
5166,59
5167,59
5168,59
5173,59
5174,59
5175,59
5176,59
5178,59
5179,59
5180,59
5181,59
5182,59
5183,59
5184,59
5186,59
5187,59
5188,59
5190,53
5192,53
5193,53
5194,53
5195,53
5196,53
5197,53
5198,53
5199,53
5201,53
5203,53
5204,53
5205,53
5206,53
5208,53
5209,53
5210,53
5212,53
5213,53
5214,53
5215,53
5216,53
5217,53
5218,53
5219,53
5220,53
5221,53
5222,53
5223,53
5224,53
5225,53
5226,53
5229,53
5231,53
5233,53
5234,53
5237,53
5238,53
5239,53
5240,53
5242,53
5243,53
5244,53
5245,53
5247,53
5249,53
5250,53
5251,53
5252,53
5253,53
5254,53
5256,53
5257,53
5259,53
5260,53
5261,53
5262,53
5263,53
5266,53
5267,53
5268,53
5270,53
5273,53
5274,53
5275,53
5279,55
5280,55
5281,55
5282,55
5284,55
5287,55
5288,55
5289,55
5290,55
5291,55
5292,55
5293,55
5294,55
5296,55
5297,55
5298,55
5299,55
5300,55
5302,55
5303,55
5306,55
5307,55
5308,55
5311,55
5312,55
5314,55
5316,55
5317,55
5318,55
5319,55
5320,55
5321,55
5322,55
5323,55
5324,55
5325,55
5327,55
5331,55
5332,55
5333,55
5334,55
5335,55
5336,55
5337,55
5338,55
5339,55
5340,55
5342,55
5344,55
5345,55
5346,55
5347,55
5348,55
5350,55
5352,55
5353,55
5356,55
5357,55
5358,55
5359,55
5360,55
5361,55
5362,63
5363,63
5365,63
5367,63
5368,63
5369,63
5371,63
5372,63
5373,63
5374,63
5375,63
5376,63
5377,63
5379,63
5380,63
5381,63
5384,63
5387,63
5388,63
5389,63
5390,63
5391,63
5392,63
5393,63
5394,63
5395,63
5396,63
5398,63
5401,63
5405,63
5407,63
5408,63
5409,63
5411,63
5412,63
5413,63
5415,63
5416,63
5417,63
5419,63
5420,63
5422,63
5424,63
5425,63
5426,63
5427,63
5428,63
5429,63
5430,63
5431,63
5432,63
5433,63
5435,63
5436,63
5439,73
5440,73
5441,73
5442,73
5443,73
5444,73
5445,73
5448,73
5449,73
5450,73
5451,73
5453,73
5454,73
5457,73
5458,73
5459,73
5460,73
5461,73
5462,73
5463,73
5465,73
5467,73
5468,73
5470,73
5471,73
5472,73
5473,73
5474,73
5475,73
5476,73
5477,73
5479,73
5481,73
5484,73
5488,73
5489,73
5490,73
5491,73
5492,73
5494,73
5496,73
5499,73
5500,73
5501,73
5503,73
5506,73
5507,73
5508,73
5509,73
5510,73
5512,73
5513,73
5514,73
5515,73
5516,73
5517,73
5518,73
5520,70
5521,70
5522,70
5523,70
5525,70
5526,70
5527,70
5528,70
5529,70
5530,70
5532,70
5533,70
5535,70
5536,70
5537,70
5539,70
5540,70
5541,70
5543,70
5544,70
5545,70
5546,70
5548,70
5549,70
5552,70
5553,70
5554,70
5555,70
5556,70
5557,70
5558,70
5562,70
5565,70
5566,70
5567,70
5569,70
5570,70
5573,70
5574,70
5575,70
5576,70
5577,70
5578,70
5579,70
5581,70
5582,70
5583,70
5584,70
5585,70
5587,70
5590,70
5591,70
5592,70
5593,70
5594,70
5595,66
5596,66
5597,66
5598,66
5599,66
5600,66
5601,66
5602,66
5603,66
5605,66
5607,66
5608,66
5609,66
5610,66
5611,66
5612,66
5613,66
5614,66
5615,66
5616,66
5617,66
5618,66
5619,66
5620,66
5621,66
5623,66
5624,66
5625,66
5626,66
5627,66
5629,66
5630,66
5631,66
5633,66
5634,66
5635,66
5636,66
5638,66
5639,66
5640,66
5642,66
5644,66
5647,66
5648,66
5650,66
5654,66
5658,66
5659,66
5660,66
5661,66
5662,66
5663,66
5665,66
5667,66
5668,66
5671,66
5672,66
5673,66
5674,66
5675,66
5676,66
5677,66
5679,66
5680,60
5681,60
5682,60
5683,60
5684,60
5685,60
5686,60
5689,60
5692,60
5693,60
5694,60
5695,60
5697,60
5698,60
5699,60
5700,60
5701,60
5702,60
5703,60
5705,60
5706,60
5708,60
5709,60
5711,60
5712,60
5713,60
5714,60
5715,60
5716,60
5717,60
5720,60
5721,60
5722,60
5723,60
5726,60
5727,60
5728,60
5729,60
5730,60
5731,60
5732,60
5736,60
5739,60
5741,60
5745,60
5746,60
5747,60
5749,60
5750,65
5752,65
5754,65
5755,65
5756,65
5757,65
5758,65
5759,65
5761,65
5762,65
5763,65
5765,65
5767,65
5769,65
5770,65
5771,65
5772,65
5773,65
5774,65
5775,65
5776,65
5779,65
5780,65
5781,65
5782,65
5783,65
5784,65
5785,65
5786,65
5787,65
5788,65
5791,65
5792,65
5793,65
5796,65
5797,65
5798,65
5801,65
5802,65
5804,65
5807,65
5808,65
5811,65
5812,65
5813,65
5814,65
5815,65
5817,65
5819,65
5820,65
5821,65
5822,65
5823,65
5824,65
5825,65
5826,65
5829,65
5831,65
5832,65
5833,65
5834,65
5835,65
5836,65
5837,65
5838,65
5839,65
5840,64
5841,64
5843,64
5844,64
5849,64
5850,64
5853,64
5854,64
5855,64
5856,64
5857,64
5858,64
5859,64
5860,64
5861,64
5862,64
5863,64
5864,64
5865,64
5866,64
5867,64
5868,64
5869,64
5871,64
5873,64
5876,64
5877,64
5878,64
5880,64
5881,64
5882,64
5884,64
5886,64
5887,64
5888,64
5894,64
5895,64
5896,64
5897,64
5898,64
5899,64
5903,64
5904,64
5907,64
5908,64
5909,64
5912,64
5913,64
5915,64
5916,64
5917,64
5918,64
5919,64
5920,64
5922,64
5924,64
5926,64
5928,64
5930,67
5932,67
5935,67
5936,67
5938,67
5939,67
5941,67
5942,67
5943,67
5944,67
5945,67
5946,67
5947,67
5950,67
5951,67
5952,67
5953,67
5955,67
5957,67
5958,67
5959,67
5960,67
5961,67
5962,67
5966,67
5968,67
5969,67
5970,67
5971,67
5973,67
5974,67
5975,67
5976,67
5977,67
5980,67
5982,67
5983,67
5984,67
5985,67
5986,67
5987,67
5988,67
5990,67
5992,67
5993,67
5995,67
5996,67
5997,67
5998,67
5999,67
6000,67
6001,67
6004,67
6006,67
6007,67
6008,67
6010,67
6011,67
6014,67
6015,67
6016,69
6017,69
6018,69
6019,69
6020,69
6021,69
6023,69
6025,69
6026,69
6028,69
6031,69
6032,69
6033,69
6034,69
6035,69
6037,69
6038,69
6040,69
6042,69
6043,69
6044,69
6045,69
6046,69
6047,69
6048,69
6049,69
6050,69
6051,69
6052,69
6053,69
6054,69
6055,69
6056,69
6061,69
6062,69
6064,69
6065,69
6066,69
6067,69
6068,69
6069,69
6071,69
6072,69
6073,69
6075,69
6077,69
6079,69
6080,69
6081,69
6082,69
6088,69
6089,69
6090,69
6091,69
6092,69
6094,69
6095,69
6096,69
6097,69
6098,69
6100,69
6102,69
6103,69
6104,76
6105,76
6107,76
6108,76
6109,76
6110,76
6111,76
6112,76
6113,76
6116,76
6117,76
6119,76
6120,76
6122,76
6123,76
6124,76
6125,76
6126,76
6128,76
6129,76
6130,76
6131,76
6132,76
6133,76
6136,76
6138,76
6139,76
6141,76
6142,76
6144,76
6146,76
6147,76
6149,76
6150,76
6151,76
6152,76
6154,76
6155,76
6157,76
6159,76
6160,76
6161,76
6163,76
6166,76
6168,76
6169,76
6175,76
6177,76
6178,76
6183,76
6185,76
6186,76
6187,76
6188,76
6189,76
6190,76
6192,79
6193,79
6195,79
6196,79
6197,79
6199,79
6201,79
6204,79
6205,79
6206,79
6208,79
6209,79
6212,79
6213,79
6214,79
6215,79
6216,79
6217,79
6219,79
6221,79
6222,79
6223,79
6224,79
6225,79
6226,79
6229,79
6230,79
6232,79
6236,79
6237,79
6238,79
6240,79
6242,79
6244,79
6250,79
6251,79
6252,79
6253,79
6254,79
6257,79
6258,79
6259,79
6260,79
6263,79
6264,79
6268,79
6272,80
6274,80
6275,80
6277,80
6278,80
6279,80
6280,80
6281,80
6282,80
6284,80
6286,80
6287,80
6288,80
6289,80
6290,80
6292,80
6293,80
6296,80
6297,80
6298,80
6299,80
6300,80
6301,80
6302,80
6303,80
6307,80
6308,80
6309,80
6312,80
6313,80
6315,80
6316,80
6317,80
6318,80
6319,80
6320,80
6321,80
6324,80
6325,80
6326,80
6327,80
6328,80
6329,80
6330,80
6331,80
6332,80
6333,80
6335,80
6336,80
6337,80
6338,80
6339,80
6341,80
6343,80
6344,80
6345,80
6346,80
6347,75
6348,75
6349,75
6350,75
6352,75
6353,75
6355,75
6356,75
6357,75
6358,75
6361,75
6362,75
6363,75
6365,75
6366,75
6367,75
6368,75
6369,75
6370,75
6371,75
6372,75
6373,75
6374,75
6375,75
6377,75
6379,75
6380,75
6381,75
6382,75
6385,75
6386,75
6388,75
6390,75
6391,75
6392,75
6394,75
6395,75
6396,75
6400,75
6401,75
6402,75
6403,75
6404,75
6406,75
6407,75
6408,75
6410,75
6411,75
6412,75
6413,75
6415,75
6416,75
6417,75
6420,75
6421,75
6422,75
6423,75
6424,75
6425,75
6426,75
6427,75
6428,75
6429,75
6430,75
6434,75
6435,75
6437,75
6438,75
6443,75
6444,77
6445,77
6446,77
6447,77
6448,77
6449,77
6450,77
6451,77
6452,77
6453,77
6456,77
6457,77
6458,77
6459,77
6461,77
6463,77
6464,77
6465,77
6466,77
6468,77
6470,77
6471,77
6474,77
6475,77
6477,77
6478,77
6479,77
6480,77
6481,77
6484,77
6485,77
6487,77
6489,77
6490,77
6491,77
6492,77
6493,77
6494,77
6496,77
6497,77
6500,77
6502,77
6503,77
6504,77
6505,77
6506,77
6507,77
6508,77
6509,77
6511,77
6514,77
6515,77
6516,77
6518,77
6519,77
6521,77
6522,77
6523,77
6524,77
6526,77
6527,77
6528,77
6529,77
6532,78
6533,78
6537,78
6538,78
6539,78
6540,78
6541,78
6542,78
6543,78
6544,78
6545,78
6546,78
6547,78
6548,78
6551,78
6552,78
6553,78
6554,78
6555,78
6557,78
6559,78
6560,78
6562,78
6564,78
6566,78
6567,78
6568,78
6569,78
6570,78
6571,78
6574,78
6576,78
6578,78
6579,78
6580,78
6581,78
6582,78
6588,78
6589,78
6590,78
6591,78
6593,78
6596,78
6598,78
6600,78
6601,78
6603,78
6606,78
6607,78
6608,78
6609,78
6610,78
6611,78
6612,78
6613,78
6614,78
6615,78
6616,78
6617,78
6619,78
6620,81
6621,81
6623,81
6624,81
6625,81
6627,81
6629,81
6630,81
6632,81
6635,81
6636,81
6637,81
6638,81
6641,81
6642,81
6643,81
6644,81
6645,81
6646,81
6647,81
6648,81
6649,81
6651,81
6653,81
6654,81
6658,81
6659,81
6660,81
6661,81
6663,81
6664,81
6666,81
6668,81
6669,81
6670,81
6671,81
6672,81
6673,81
6674,81
6676,81
6677,81
6678,81
6679,81
6681,81
6682,81
6684,81
6685,81
6687,81
6688,81
6689,81
6690,81
6691,81
6692,81
6693,81
6695,81
6698,81
6699,81
6700,81
6701,81
6702,81
6703,81
6704,81
6705,81
6706,81
6708,81
6709,81
6713,83
6714,83
6717,83
6718,83
6720,83
6721,83
6725,83
6726,83
6728,83
6729,83
6730,83
6733,83
6735,83
6736,83
6737,83
6739,83
6741,83
6743,83
6744,83
6745,83
6747,83
6748,83
6751,83
6752,83
6753,83
6755,83
6756,83
6757,83
6759,83
6760,83
6761,83
6764,83
6765,83
6767,83
6768,83
6769,83
6771,83
6772,83
6773,83
6775,83
6776,83
6777,83
6780,83
6782,83
6784,83
6785,83
6788,83
6789,83
6793,82
6794,82
6795,82
6796,82
6797,82
6798,82
6801,82
6802,82
6803,82
6804,82
6806,82
6807,82
6808,82
6809,82
6810,82
6811,82
6812,82
6815,82
6817,82
6818,82
6822,82
6823,82
6824,82
6825,82
6826,82
6827,82
6828,82
6830,82
6831,82
6832,82
6833,82
6834,82
6835,82
6836,82
6839,82
6840,82
6841,82
6842,82
6843,82
6844,82
6846,82
6847,82
6849,82
6850,82
6851,82
6852,82
6853,82
6854,82
6855,82
6856,82
6857,82
6858,82
6859,82
6860,82
6862,82
6866,82
6868,82
6870,82
6871,82
6873,82
6874,82
6878,84
6879,84
6880,84
6884,84
6885,84
6886,84
6888,84
6889,84
6890,84
6891,84
6892,84
6893,84
6894,84
6895,84
6896,84
6897,84
6898,84
6899,84
6900,84
6901,84
6903,84
6904,84
6905,84
6906,84
6909,84
6911,84
6912,84
6913,84
6914,84
6915,84
6917,84
6918,84
6921,84
6923,84
6924,84
6925,84
6926,84
6927,84
6929,84
6931,84
6934,84
6935,84
6936,84
6937,84
6938,84
6939,84
6940,84
6941,84
6943,84
6944,84
6945,84
6946,84
6947,84
6949,84
6950,84
6951,84
6955,84
6956,84
6957,84
6959,84
6960,84
6963,94
6964,94
6965,94
6968,94
6969,94
6970,94
6971,94
6972,94
6973,94
6975,94
6976,94
6978,94
6979,94
6980,94
6981,94
6982,94
6983,94
6984,94
6985,94
6986,94
6987,94
6988,94
6990,94
6991,94
6992,94
6993,94
6994,94
6995,94
6996,94
6997,94
6999,94
7000,94
7001,94
7003,94
7005,94
7006,94
7007,94
7008,94
7011,94
7012,94
7013,94
7015,94
7016,94
7017,94
7019,94
7020,94
7021,94
7022,94
7023,94
7025,94
7026,94
7027,94
7028,94
7029,94
7030,94
7031,94
7032,94
7033,94
7036,94
7037,94
7038,94
7041,94
7042,94
7043,94
7046,94
7048,95
7049,95
7050,95
7051,95
7054,95
7055,95
7062,95
7064,95
7065,95
7067,95
7068,95
7070,95
7071,95
7073,95
7075,95
7076,95
7079,95
7080,95
7081,95
7082,95
7084,95
7085,95
7086,95
7087,95
7088,95
7089,95
7090,95
7091,95
7092,95
7093,95
7094,95
7098,95
7100,95
7101,95
7102,95
7103,95
7104,95
7107,95
7108,95
7110,95
7111,95
7112,95
7113,95
7114,95
7115,95
7116,95
7119,95
7122,95
7123,95
7124,95
7126,95
7127,95
7129,95
7130,95
7131,95
7132,95
7133,95
7136,96
7137,96
7138,96
7139,96
7140,96
7141,96
7142,96
7143,96
7144,96
7146,96
7148,96
7149,96
7150,96
7151,96
7152,96
7153,96
7154,96
7156,96
7157,96
7159,96
7160,96
7163,96
7165,96
7168,96
7169,96
7171,96
7172,96
7174,96
7175,96
7177,96
7178,96
7180,96
7182,96
7184,96
7185,96
7187,96
7188,96
7190,96
7192,96
7193,96
7196,96
7198,96
7199,96
7200,96
7201,96
7202,96
7205,96
7208,96
7209,96
7210,96
7211,96
7213,96
7214,92
7215,92
7216,92
7217,92
7224,92
7225,92
7229,92
7231,92
7233,92
7234,92
7235,92
7236,92
7237,92
7238,92
7240,92
7241,92
7242,92
7243,92
7244,92
7246,92
7247,92
7248,92
7249,92
7251,92
7252,92
7253,92
7255,92
7256,92
7257,92
7258,92
7261,92
7264,92
7265,92
7266,92
7268,92
7269,92
7270,92
7272,92
7273,92
7274,92
7275,92
7276,92
7277,92
7278,92
7279,92
7280,92
7281,92
7283,92
7284,92
7285,92
7288,92
7289,92
7290,92
7291,92
7292,92
7293,92
7294,92
7295,92
7297,92
7298,92
7299,92
7300,92
7301,92
7303,89
7304,89
7305,89
7307,89
7308,89
7309,89
7310,89
7311,89
7312,89
7313,89
7314,89
7315,89
7316,89
7318,89
7320,89
7321,89
7322,89
7324,89
7325,89
7327,89
7331,89
7332,89
7333,89
7335,89
7336,89
7337,89
7338,89
7339,89
7340,89
7344,89
7347,89
7348,89
7349,89
7350,89
7352,89
7353,89
7354,89
7355,89
7356,89
7357,89
7358,89
7359,89
7360,89
7361,89
7362,89
7365,89
7366,89
7367,89
7368,89
7373,89
7374,89
7375,89
7377,89
7379,89
7380,89
7381,89
7382,89
7384,88
7385,88
7387,88
7388,88
7390,88
7392,88
7393,88
7394,88
7395,88
7398,88
7399,88
7404,88
7405,88
7408,88
7410,88
7411,88
7412,88
7413,88
7414,88
7415,88
7416,88
7417,88
7418,88
7419,88
7422,88
7424,88
7425,88
7427,88
7428,88
7430,88
7431,88
7432,88
7433,88
7434,88
7435,88
7436,88
7437,88
7439,88
7440,88
7441,88
7442,88
7443,88
7446,88
7447,88
7449,88
7450,88
7451,88
7453,88
7454,88
7455,88
7456,88
7458,88
7459,88
7460,88
7461,93
7462,93
7466,93
7467,93
7468,93
7469,93
7470,93
7472,93
7473,93
7474,93
7475,93
7476,93
7477,93
7478,93
7480,93
7484,93
7486,93
7488,93
7489,93
7491,93
7492,93
7493,93
7494,93
7495,93
7496,93
7498,93
7499,93
7500,93
7501,93
7502,93
7503,93
7504,93
7506,93
7509,93
7510,93
7511,93
7512,93
7513,93
7515,93
7517,93
7518,93
7520,93
7521,93
7522,93
7524,93
7526,93
7529,93
7530,93
7532,93
7533,93
7534,93
7536,93
7538,93
7539,93
7540,93
7542,85
7543,85
7544,85
7545,85
7547,85
7548,85
7549,85
7550,85
7551,85
7552,85
7553,85
7554,85
7555,85
7556,85
7560,85
7561,85
7562,85
7563,85
7564,85
7565,85
7566,85
7568,85
7569,85
7570,85
7571,85
7572,85
7573,85
7575,85
7578,85
7581,85
7583,85
7584,85
7586,85
7587,85
7588,85
7589,85
7590,85
7591,85
7594,85
7596,85
7598,85
7599,85
7600,85
7601,85
7602,85
7603,85
7604,85
7605,85
7606,85
7608,85
7609,85
7610,85
7611,85
7612,85
7613,85
7615,85
7616,85
7617,85
7619,91
7620,91
7622,91
7623,91
7625,91
7626,91
7628,91
7629,91
7630,91
7632,91
7633,91
7634,91
7637,91
7639,91
7640,91
7642,91
7644,91
7645,91
7647,91
7648,91
7649,91
7650,91
7652,91
7653,91
7655,91
7656,91
7657,91
7659,91
7660,91
7665,91
7666,91
7667,91
7668,91
7669,91
7670,91
7671,91
7674,91
7675,91
7676,91
7677,91
7678,91
7679,91
7680,91
7681,91
7682,91
7683,91
7684,91
7685,91
7686,91
7687,91
7688,91
7689,91
7690,91
7693,91
7694,91
7695,91
7696,91
7697,91
7698,91
7700,91
7702,91
7704,91
7705,91
7706,90
7708,90
7709,90
7711,90
7713,90
7715,90
7716,90
7717,90
7718,90
7719,90
7720,90
7721,90
7724,90
7725,90
7726,90
7727,90
7728,90
7729,90
7730,90
7731,90
7732,90
7733,90
7735,90
7736,90
7737,90
7738,90
7739,90
7740,90
7741,90
7742,90
7743,90
7745,90
7747,90
7748,90
7749,90
7751,90
7754,90
7755,90
7757,90
7758,90
7759,90
7760,90
7763,90
7765,90
7766,90
7767,90
7770,90
7771,90
7772,90
7774,90
7775,90
7776,90
7777,90
7778,90
7779,90
7780,90
7781,90
7782,90
7783,90
7784,90
7787,90
7788,90
7789,90
7790,90
7791,90
7792,90
7795,90
7796,90
7797,87
7798,87
7799,87
7800,87
7803,87
7804,87
7805,87
7807,87
7808,87
7809,87
7812,87
7813,87
7814,87
7815,87
7816,87
7817,87
7818,87
7819,87
7821,87
7822,87
7823,87
7824,87
7825,87
7828,87
7831,87
7833,87
7834,87
7837,87
7838,87
7839,87
7840,87
7841,87
7842,87
7843,87
7844,87
7845,87
7846,87
7847,87
7848,87
7849,87
7850,87
7855,87
7856,87
7857,87
7860,87
7862,87
7865,87
7866,87
7867,87
7870,87
7872,87
7874,87
7875,87
7877,87
7879,86
7880,86
7881,86
7884,86
7885,86
7886,86
7889,86
7890,86
7891,86
7893,86
7894,86
7895,86
7897,86
7899,86
7900,86
7901,86
7902,86
7905,86
7907,86
7908,86
7909,86
7912,86
7913,86
7917,86
7920,86
7921,86
7923,86
7924,86
7925,86
7927,86
7928,86
7929,86
7930,86
7931,86
7932,86
7933,86
7934,86
7935,86
7936,86
7939,86
7940,86
7941,86
7942,86
7943,86
7944,86
7946,86
7947,86
7948,86
7950,86
7951,86
7952,86
7954,86
7956,86
7957,86
7958,86
7959,86
7960,86
7962,86
7963,97
7964,97
7966,97
7968,97
7970,97
7974,97
7976,97
7978,97
7981,97
7983,97
7984,97
7985,97
7986,97
7988,97
7989,97
7991,97
7992,97
7993,97
7996,97
7999,97
8001,97
8003,97
8004,97
8005,97
8006,97
8007,97
8010,97
8013,97
8014,97
8016,97
8017,97
8019,97
8020,97
8021,97
8022,97
8023,97
8024,97
8026,97
8029,97
8031,97
8032,97
8034,97
8035,97
8037,97
8038,97
8039,97
8040,97
8041,97
8042,97
8044,97
8045,97
8046,97
8047,97
8048,97
8049,97
8051,97
8052,97
8053,97
8054,97
8055,98
8056,98
8059,98
8060,98
8061,98
8062,98
8063,98
8064,98
8065,98
8066,98
8067,98
8068,98
8069,98
8070,98
8072,98
8073,98
8075,98
8076,98
8079,98
8081,98
8082,98
8083,98
8086,98
8087,98
8088,98
8089,98
8091,98
8092,98
8094,98
8095,98
8096,98
8097,98
8098,98
8099,98
8100,98
8101,98
8102,98
8103,98
8104,98
8105,98
8107,98
8108,98
8109,98
8110,99
8112,99
8115,99
8116,99
8120,99
8121,99
8122,99
8124,99
8126,99
8127,99
8129,99
8130,99
8132,99
8133,99
8134,99
8136,99
8137,99
8138,99
8139,99
8140,99
8142,99
8143,99
8144,99
8145,99
8146,99
8147,99
8149,99
8150,99
8152,99
8155,99
8157,99
8160,99
8163,99
8164,99
8165,99
8166,99
8167,99
8168,99
8169,99
8170,99
8173,99
8174,99
8175,99
8177,103
8178,103
8179,103
8181,103
8184,103
8185,103
8186,103
8187,103
8188,103
8189,103
8190,103
8192,103
8193,103
8194,103
8195,103
8196,103
8198,103
8199,103
8200,103
8201,103
8202,103
8204,103
8205,103
8206,103
8208,103
8209,103
8211,103
8213,103
8215,103
8216,103
8217,103
8218,103
8220,103
8222,103
8223,103
8225,103
8228,103
8229,103
8230,103
8231,103
8233,103
8234,103
8235,103
8237,103
8238,103
8239,103
8240,103
8241,103
8242,103
8245,103
8247,103
8249,103
8252,103
8254,103
8255,103
8258,103
8259,103
8260,103
8261,102
8262,102
8264,102
8265,102
8267,102
8269,102
8270,102
8271,102
8273,102
8274,102
8275,102
8276,102
8277,102
8278,102
8279,102
8280,102
8281,102
8282,102
8285,102
8287,102
8289,102
8290,102
8291,102
8292,102
8293,102
8294,102
8295,102
8296,102
8297,102
8298,102
8299,102
8301,102
8303,102
8304,102
8306,102
8307,102
8308,102
8312,102
8313,102
8314,102
8315,102
8316,102
8319,102
8321,102
8322,102
8323,102
8328,102
8329,102
8330,102
8331,102
8332,102
8333,102
8334,102
8335,102
8336,102
8337,102
8338,102
8339,100
8340,100
8341,100
8345,100
8346,100
8348,100
8349,100
8350,100
8351,100
8353,100
8354,100
8355,100
8356,100
8358,100
8359,100
8360,100
8362,100
8363,100
8364,100
8367,100
8368,100
8369,100
8371,100
8372,100
8374,100
8375,100
8376,100
8377,100
8378,100
8380,100
8381,100
8382,100
8383,100
8385,100
8387,100
8392,100
8394,100
8395,100
8396,100
8397,100
8398,100
8399,100
8400,100
8401,100
8402,100
8403,100
8404,100
8407,100
8408,100
8409,100
8412,100
8413,100
8414,100
8418,101
8419,101
8420,101
8422,101
8424,101
8425,101
8427,101
8428,101
8429,101
8430,101
8432,101
8433,101
8434,101
8436,101
8437,101
8440,101
8441,101
8442,101
8445,101
8447,101
8448,101
8449,101
8450,101
8454,101
8458,101
8459,101
8460,101
8468,101
8470,101
8472,101
8475,101
8476,101
8477,101
8478,101
8479,101
8480,101
8483,101
8484,101
8485,101
8487,101
8488,101
8490,101
8491,101
8492,101
8493,101
8494,101
8495,101
8496,101
8497,101
8501,101
8503,104
8504,104
8506,104
8507,104
8508,104
8509,104
8511,104
8512,104
8513,104
8514,104
8515,104
8516,104
8517,104
8519,104
8520,104
8521,104
8522,104
8523,104
8524,104
8525,104
8526,104
8527,104
8529,104
8532,104
8533,104
8534,104
8535,104
8537,104
8538,104
8542,104
8543,104
8546,104
8547,104
8548,104
8549,104
8550,104
8551,104
8552,104
8553,104
8554,104
8555,104
8556,104
8557,104
8560,104
8561,104
8562,104
8564,104
8565,104
8566,104
8567,104
8569,104
8571,104
8572,104
8574,104
8576,104
8577,104
8578,104
8580,104
8581,104
8582,104
8583,104
8584,104
8585,104
8586,104
8587,104
8588,104
8589,104
8591,110
8592,110
8594,110
8596,110
8597,110
8598,110
8599,110
8600,110
8601,110
8602,110
8605,110
8606,110
8608,110
8609,110
8610,110
8612,110
8613,110
8616,110
8617,110
8618,110
8619,110
8620,110
8621,110
8622,110
8626,110
8627,110
8628,110
8629,110
8630,110
8632,110
8633,110
8634,110
8636,110
8637,110
8638,110
8640,110
8644,110
8645,110
8646,110
8647,110
8649,110
8652,110
8653,110
8654,110
8655,110
8656,110
8657,110
8658,110
8660,110
8661,110
8663,110
8666,110
8667,110
8668,110
8669,110
8671,110
8672,110
8673,115
8674,115
8675,115
8677,115
8679,115
8680,115
8681,115
8685,115
8688,115
8689,115
8690,115
8691,115
8692,115
8695,115
8696,115
8698,115
8699,115
8700,115
8701,115
8702,115
8704,115
8705,115
8707,115
8708,115
8710,115
8711,115
8712,115
8713,115
8714,115
8716,115
8719,115
8720,115
8721,115
8722,115
8723,115
8724,115
8726,115
8727,115
8728,115
8729,115
8730,115
8731,115
8732,115
8733,115
8734,115
8736,115
8737,115
8738,115
8739,115
8740,115
8742,115
8743,115
8744,115
8745,115
8747,115
8749,115
8750,115
8751,115
8754,115
8755,115
8756,115
8757,115
8758,115
8759,115
8760,115
8761,115
8762,113
8764,113
8766,113
8767,113
8768,113
8769,113
8770,113
8771,113
8772,113
8774,113
8775,113
8776,113
8777,113
8778,113
8779,113
8780,113
8782,113
8784,113
8785,113
8786,113
8787,113
8789,113
8790,113
8791,113
8794,113
8796,113
8797,113
8798,113
8802,113
8803,113
8804,113
8805,113
8806,113
8808,113
8809,113
8811,113
8812,113
8813,113
8814,113
8815,113
8816,113
8817,113
8818,113
8820,113
8821,113
8825,113
8828,113
8833,113
8834,113
8835,113
8837,113
8838,113
8839,113
8840,113
8841,113
8842,113
8843,113
8844,113
8845,113
8847,113
8848,113
8850,107
8851,107
8852,107
8853,107
8854,107
8855,107
8857,107
8859,107
8862,107
8863,107
8865,107
8866,107
8867,107
8869,107
8872,107
8875,107
8876,107
8877,107
8878,107
8879,107
8880,107
8881,107
8883,107
8886,107
8887,107
8888,107
8890,107
8892,107
8893,107
8894,107
8896,107
8897,107
8899,107
8901,107
8902,107
8904,107
8906,107
8907,107
8911,107
8912,107
8913,107
8915,107
8916,107
8917,107
8918,107
8919,107
8921,107
8924,107
8925,107
8926,107
8928,107
8929,107
8930,107
8931,107
8932,107
8934,107
8935,107
8936,107
8937,107
8938,107
8939,106
8940,106
8941,106
8943,106
8944,106
8945,106
8947,106
8948,106
8950,106
8951,106
8952,106
8953,106
8955,106
8958,106
8959,106
8960,106
8961,106
8962,106
8963,106
8964,106
8965,106
8966,106
8967,106
8968,106
8970,106
8972,106
8978,106
8979,106
8981,106
8982,106
8984,106
8987,106
8989,106
8990,106
8992,106
8993,106
8995,106
8997,106
9001,106
9003,106
9005,106
9009,106
9010,106
9012,106
9013,106
9016,106
9017,106
9018,106
9019,106
9020,106
9021,106
9022,106
9023,106
9024,106
9025,116
9026,116
9027,116
9029,116
9030,116
9031,116
9032,116
9033,116
9034,116
9036,116
9037,116
9038,116
9039,116
9040,116
9041,116
9043,116
9044,116
9045,116
9046,116
9047,116
9048,116
9051,116
9052,116
9053,116
9054,116
9055,116
9056,116
9057,116
9058,116
9060,116
9062,116
9064,116
9066,116
9067,116
9068,116
9069,116
9070,116
9072,116
9073,116
9075,116
9076,116
9077,116
9081,116
9082,116
9083,116
9084,116
9085,116
9087,116
9088,116
9089,116
9091,116
9092,116
9093,116
9095,116
9098,116
9099,116
9100,116
9101,116
9102,116
9103,116
9105,116
9106,116
9107,116
9108,116
9109,114
9113,114
9115,114
9119,114
9120,114
9121,114
9122,114
9123,114
9124,114
9126,114
9127,114
9128,114
9129,114
9130,114
9132,114
9133,114
9134,114
9136,114
9138,114
9139,114
9140,114
9141,114
9142,114
9144,114
9145,114
9146,114
9147,114
9150,114
9151,114
9152,114
9153,114
9155,114
9159,114
9160,114
9163,114
9164,114
9165,114
9166,114
9169,114
9170,114
9173,114
9174,114
9175,114
9176,114
9177,114
9179,114
9181,114
9182,114
9183,114
9184,114
9185,114
9186,114
9188,114
9189,114
9190,114
9191,114
9194,114
9196,114
9197,114
9198,114
9199,114
9200,109
9201,109
9203,109
9205,109
9206,109
9207,109
9208,109
9212,109
9214,109
9216,109
9217,109
9218,109
9219,109
9220,109
9221,109
9223,109
9224,109
9226,109
9229,109
9230,109
9232,109
9233,109
9235,109
9236,109
9237,109
9239,109
9240,109
9242,109
9243,109
9244,109
9245,109
9246,109
9251,109
9252,109
9253,109
9254,109
9255,109
9256,109
9258,109
9259,109
9260,109
9261,109
9262,109
9263,109
9264,109
9265,109
9266,109
9267,109
9268,109
9270,109
9272,109
9273,109
9274,109
9277,109
9279,109
9280,109
9283,109
9285,108
9286,108
9287,108
9289,108
9293,108
9294,108
9296,108
9297,108
9298,108
9299,108
9300,108
9301,108
9302,108
9303,108
9304,108
9305,108
9306,108
9307,108
9309,108
9311,108
9312,108
9313,108
9314,108
9315,108
9316,108
9318,108
9320,108
9321,108
9322,108
9324,108
9325,108
9326,108
9327,108
9329,108
9330,108
9331,108
9332,108
9333,108
9334,108
9336,108
9337,108
9338,108
9339,108
9342,108
9343,108
9344,108
9346,108
9347,108
9349,108
9350,108
9351,108
9352,108
9353,108
9354,108
9355,108
9358,108
9360,108
9361,108
9363,108
9365,108
9366,108
9367,108
9368,108
9369,108
9370,108
9372,108
9373,108
9374,108
9375,112
9376,112
9377,112
9378,112
9379,112
9380,112
9382,112
9383,112
9384,112
9385,112
9388,112
9389,112
9391,112
9392,112
9393,112
9394,112
9396,112
9398,112
9399,112
9400,112
9401,112
9403,112
9404,112
9405,112
9406,112
9408,112
9409,112
9410,112
9411,112
9412,112
9413,112
9414,112
9415,112
9417,112
9418,112
9419,112
9420,112
9421,112
9422,112
9423,112
9424,112
9425,112
9426,112
9427,112
9431,112
9432,112
9433,112
9434,112
9435,112
9436,112
9437,112
9439,112
9440,112
9441,112
9442,112
9444,112
9445,112
9446,112
9447,112
9448,112
9449,112
9450,112
9451,112
9452,112
9453,112
9455,112
9457,112
9458,112
9459,112
9460,112
9461,112
9462,112
9463,112
9464,112
9465,105
9466,105
9468,105
9469,105
9470,105
9471,105
9472,105
9473,105
9474,105
9476,105
9477,105
9478,105
9483,105
9486,105
9487,105
9488,105
9489,105
9490,105
9491,105
9493,105
9495,105
9496,105
9497,105
9498,105
9500,105
9505,105
9507,105
9510,105
9511,105
9512,105
9513,105
9514,105
9515,105
9516,105
9517,105
9519,105
9520,105
9521,105
9523,105
9524,105
9527,105
9528,105
9529,105
9530,105
9531,105
9532,105
9534,105
9535,105
9536,105
9538,105
9540,111
9541,111
9542,111
9543,111
9544,111
9545,111
9546,111
9548,111
9550,111
9551,111
9555,111
9556,111
9558,111
9559,111
9563,111
9565,111
9566,111
9567,111
9569,111
9570,111
9571,111
9572,111
9576,111
9578,111
9579,111
9580,111
9582,111
9584,111
9587,111
9589,111
9590,111
9591,111
9592,111
9593,111
9594,111
9595,111
9596,111
9597,111
9598,111
9601,111
9603,111
9604,111
9605,111
9606,111
9607,111
9608,111
9610,111
9611,111
9612,111
9616,111
9618,111
9620,111
9623,111
9624,111
9625,120
9626,120
9628,120
9629,120
9630,120
9631,120
9632,120
9633,120
9634,120
9636,120
9637,120
9638,120
9640,120
9642,120
9643,120
9644,120
9645,120
9647,120
9648,120
9650,120
9651,120
9652,120
9653,120
9655,120
9657,120
9660,120
9662,120
9663,120
9664,120
9665,120
9666,120
9667,120
9668,120
9669,120
9670,120
9673,120
9674,120
9676,120
9678,120
9680,120
9681,120
9682,120
9684,120
9685,120
9687,120
9688,120
9689,120
9691,120
9692,120
9696,120
9700,120
9702,120
9704,120
9706,120
9707,120
9708,119
9710,119
9711,119
9712,119
9714,119
9715,119
9717,119
9718,119
9722,119
9723,119
9724,119
9725,119
9726,119
9727,119
9729,119
9731,119
9732,119
9733,119
9734,119
9736,119
9739,119
9741,119
9744,119
9746,119
9747,119
9748,119
9749,119
9751,119
9752,119
9753,119
9754,119
9755,119
9756,119
9757,119
9759,119
9760,119
9761,119
9762,119
9765,119
9766,119
9770,119
9772,119
9774,121
9775,121
9776,121
9777,121
9778,121
9779,121
9780,121
9781,121
9782,121
9784,121
9785,121
9788,121
9790,121
9791,121
9792,121
9793,121
9794,121
9795,121
9796,121
9798,121
9800,121
9802,121
9803,121
9804,121
9805,121
9806,121
9808,121
9810,121
9811,121
9812,121
9813,121
9814,121
9815,121
9816,121
9817,121
9819,121
9820,121
9822,121
9824,121
9825,121
9827,121
9828,121
9829,121
9830,121
9831,121
9833,121
9835,121
9838,121
9839,121
9842,121
9843,121
9844,121
9847,121
9848,121
9849,121
9850,121
9851,121
9852,121
9854,121
9855,121
9856,121
9859,117
9860,117
9861,117
9862,117
9865,117
9866,117
9867,117
9868,117
9869,117
9870,117
9871,117
9872,117
9873,117
9874,117
9875,117
9876,117
9877,117
9879,117
9880,117
9881,117
9882,117
9883,117
9884,117
9887,117
9889,117
9890,117
9892,117
9893,117
9894,117
9895,117
9896,117
9897,117
9898,117
9899,117
9900,117
9903,117
9905,117
9906,117
9907,117
9909,117
9910,117
9911,117
9913,117
9914,117
9917,117
9918,117
9919,117
9921,117
9922,117
9923,117
9925,117
9927,117
9928,117
9929,117
9930,117
9931,117
9932,117
9933,117
9934,117
9937,117
9938,117
9939,117
9941,117
9942,117
9943,117
9944,117
9945,117
9946,117
9947,117
9948,118
9950,118
9951,118
9952,118
9954,118
9955,118
9956,118
9957,118
9959,118
9960,118
9962,118
9964,118
9968,118
9969,118
9970,118
9971,118
9972,118
9973,118
9974,118
9975,118
9976,118
9978,118
9979,118
9981,118
9982,118
9983,118
9984,118
9985,118
9987,118
9989,118
9994,118
9995,118
9996,118
9997,118
9999,118
10002,118
10005,118
10006,118
10007,118
10008,118
10009,118
10010,118
10012,118
10016,118
10020,118
10021,118
10023,118
10024,118
10025,118
10027,118
10028,119
10030,119
10032,119
10034,119
10035,119
10036,119
10037,119
10038,119
10039,119
10040,119
10041,119
10042,119
10043,119
10044,119
10045,119
10046,119
10047,119
10049,119
10050,119
10051,119
10052,119
10053,119
10054,119
10055,119
10056,119
10057,119
10058,119
10059,119
10060,119
10061,119
10062,119
10063,119
10064,119
10065,119
10066,119
10067,119
10068,119
10070,119
10074,119
10075,119
10077,119
10079,119
10080,119
10081,119
10082,119
10083,119
10084,119
10087,119
10089,119
10090,119
10091,119
10092,119
10093,119
10094,119
10096,119
10097,119
10098,122
10100,122
10101,122
10102,122
10103,122
10104,122
10106,122
10107,122
10108,122
10109,122
10110,122
10111,122
10112,122
10113,122
10116,122
10117,122
10119,122
10120,122
10121,122
10122,122
10124,122
10125,122
10127,122
10128,122
10129,122
10130,122
10131,122
10132,122
10137,122
10138,122
10139,122
10141,122
10143,122
10145,122
10146,122
10147,122
10148,122
10149,122
10150,122
10153,122
10154,122
10157,122
10158,122
10160,122
10162,122
10163,122
10164,122
10165,122
10166,122
10167,122
10170,122
10171,122
10173,122
10174,122
10175,122
10176,122
10180,122
10181,122
10184,122
10185,122
10188,124
10189,124
10190,124
10196,124
10197,124
10198,124
10199,124
10200,124
10201,124
10202,124
10203,124
10205,124
10206,124
10207,124
10208,124
10209,124
10212,124
10213,124
10214,124
10217,124
10218,124
10219,124
10221,124
10222,124
10223,124
10224,124
10225,124
10226,124
10227,124
10231,124
10232,124
10233,124
10234,124
10237,124
10240,124
10241,124
10243,124
10244,124
10246,124
10247,124
10248,124
10249,124
10250,124
10251,124
10252,124
10253,124
10255,124
10256,124
10257,124
10258,124
10259,124
10260,124
10262,124
10263,124
10264,124
10265,123
10266,123
10267,123
10268,123
10269,123
10270,123
10271,123
10272,123
10273,123
10275,123
10277,123
10278,123
10279,123
10280,123
10281,123
10283,123
10286,123
10288,123
10289,123
10294,123
10295,123
10296,123
10297,123
10300,123
10301,123
10302,123
10304,123
10305,123
10306,123
10308,123
10309,123
10312,123
10315,123
10316,123
10317,123
10318,123
10319,123
10321,123
10322,123
10323,123
10324,123
10326,123
10327,123
10330,123
10333,123
10334,123
10335,123
10336,123
10337,123
10338,123
10339,123
10342,123
10343,123
10346,123
10348,123
10350,123
10351,123
10353,128
10357,128
10358,128
10359,128
10360,128
10361,128
10363,128
10364,128
10366,128
10367,128
10370,128
10371,128
10372,128
10374,128
10375,128
10376,128
10378,128
10379,128
10380,128
10385,128
10386,128
10387,128
10393,128
10394,128
10396,128
10398,128
10399,128
10401,128
10403,128
10406,128
10408,128
10410,128
10411,128
10412,128
10414,128
10416,128
10417,128
10419,128
10420,128
10422,128
10423,128
10424,128
10426,128
10427,128
10428,128
10429,128
10431,128
10432,128
10433,128
10436,127
10438,127
10439,127
10440,127
10441,127
10442,127
10444,127
10445,127
10446,127
10447,127
10448,127
10450,127
10451,127
10452,127
10456,127
10457,127
10458,127
10459,127
10461,127
10464,127
10465,127
10466,127
10467,127
10468,127
10470,127
10471,127
10472,127
10473,127
10474,127
10475,127
10477,127
10478,127
10480,127
10481,127
10483,127
10484,127
10485,127
10486,127
10487,127
10488,127
10489,127
10490,127
10494,127
10495,127
10496,127
10497,127
10498,127
10500,127
10501,127
10503,127
10504,127
10505,127
10506,127
10507,127
10509,127
10512,127
10513,127
10514,127
10515,127
10516,127
10517,127
10518,125
10519,125
10520,125
10522,125
10524,125
10525,125
10526,125
10528,125
10530,125
10531,125
10532,125
10533,125
10535,125
10537,125
10539,125
10540,125
10543,125
10544,125
10545,125
10546,125
10547,125
10549,125
10551,125
10552,125
10553,125
10554,125
10555,125
10557,125
10558,125
10559,125
10560,125
10561,125
10562,125
10565,125
10566,125
10569,125
10571,125
10573,125
10574,125
10575,125
10576,125
10577,125
10578,125
10583,125
10587,125
10588,125
10589,125
10590,125
10591,125
10593,125
10594,125
10595,125
10599,126
10601,126
10602,126
10604,126
10607,126
10609,126
10610,126
10612,126
10613,126
10615,126
10617,126
10618,126
10619,126
10620,126
10621,126
10623,126
10625,126
10626,126
10628,126
10629,126
10631,126
10632,126
10633,126
10634,126
10637,126
10639,126
10640,126
10641,126
10642,126
10643,126
10644,126
10645,126
10651,126
10652,126
10653,126
10654,126
10655,126
10656,126
10657,126
10658,126
10659,126
10660,126
10665,126
10666,126
10667,126
10668,126
10669,126
10671,126
10673,138
10674,138
10676,138
10677,138
10678,138
10679,138
10680,138
10682,138
10684,138
10686,138
10687,138
10688,138
10690,138
10692,138
10693,138
10694,138
10696,138
10698,138
10701,138
10703,138
10705,138
10706,138
10707,138
10708,138
10709,138
10710,138
10711,138
10712,138
10713,138
10714,138
10715,138
10716,138
10717,138
10718,138
10722,138
10723,138
10724,138
10726,138
10731,138
10732,138
10733,138
10734,138
10736,138
10737,138
10738,138
10739,138
10740,138
10741,138
10742,138
10743,138
10745,138
10746,138
10747,138
10750,138
10751,138
10752,138
10753,138
10754,138
10755,134
10757,134
10758,134
10759,134
10761,134
10763,134
10765,134
10767,134
10769,134
10771,134
10772,134
10774,134
10775,134
10776,134
10778,134
10779,134
10781,134
10782,134
10783,134
10785,134
10787,134
10790,134
10791,134
10793,134
10794,134
10795,134
10796,134
10797,134
10799,134
10800,134
10803,134
10804,134
10805,134
10807,134
10808,134
10809,134
10810,134
10811,134
10812,134
10813,134
10814,134
10815,134
10816,134
10817,134
10821,134
10822,134
10825,134
10826,134
10827,134
10828,134
10830,134
10831,134
10834,134
10835,134
10836,134
10837,134
10839,137
10840,137
10841,137
10842,137
10844,137
10848,137
10849,137
10850,137
10853,137
10854,137
10855,137
10857,137
10858,137
10859,137
10860,137
10861,137
10862,137
10863,137
10864,137
10865,137
10867,137
10868,137
10869,137
10870,137
10871,137
10872,137
10873,137
10875,137
10876,137
10877,137
10878,137
10879,137
10880,137
10881,137
10884,137
10885,137
10887,137
10889,137
10890,137
10891,137
10893,137
10894,137
10895,137
10896,137
10898,137
10901,137
10904,137
10905,137
10910,137
10911,137
10913,137
10915,137
10916,137
10918,137
10920,137
10921,137
10922,137
10923,137
10924,137
10925,137
10927,139
10928,139
10929,139
10930,139
10932,139
10935,139
10937,139
10938,139
10940,139
10941,139
10942,139
10944,139
10947,139
10948,139
10949,139
10953,139
10954,139
10956,139
10957,139
10963,139
10965,139
10966,139
10967,139
10968,139
10969,139
10970,139
10972,139
10973,139
10975,139
10976,139
10977,139
10981,139
10982,139
10983,139
10984,139
10986,139
10988,139
10989,139
10991,139
10992,139
10993,139
10994,139
10996,139
10997,139
10998,139
10999,139
11000,139
11001,139
11002,139
11003,139
11005,139
11006,139
11008,139
11009,139
11010,135
11011,135
11013,135
11014,135
11015,135
11016,135
11017,135
11018,135
11020,135
11021,135
11023,135
11026,135
11029,135
11030,135
11031,135
11032,135
11033,135
11036,135
11037,135
11038,135
11039,135
11040,135
11042,135
11043,135
11044,135
11046,135
11048,135
11049,135
11050,135
11051,135
11052,135
11053,135
11054,135
11055,135
11057,135
11059,135
11061,135
11065,135
11068,135
11069,135
11070,135
11071,135
11072,135
11074,135
11075,135
11077,131
11079,131
11080,131
11081,131
11082,131
11083,131
11084,131
11087,131
11089,131
11090,131
11091,131
11092,131
11093,131
11094,131
11095,131
11097,131
11099,131
11100,131
11101,131
11102,131
11104,131
11105,131
11106,131
11107,131
11108,131
11109,131
11110,131
11111,131
11113,131
11114,131
11115,131
11116,131
11117,131
11120,131
11122,131
11123,131
11124,131
11126,131
11127,131
11128,131
11130,131
11132,131
11133,131
11136,131
11138,131
11141,131
11142,131
11144,131
11145,131
11147,131
11148,131
11149,131
11150,131
11151,131
11152,131
11153,131
11154,131
11155,131
11156,131
11158,131
11159,131
11160,131
11163,129
11165,129
11167,129
11168,129
11171,129
11174,129
11175,129
11176,129
11177,129
11179,129
11180,129
11183,129
11187,129
11188,129
11189,129
11190,129
11191,129
11193,129
11195,129
11196,129
11198,129
11200,129
11202,129
11203,129
11204,129
11205,129
11206,129
11208,129
11209,133
11212,133
11213,133
11214,133
11215,133
11217,133
11218,133
11219,133
11220,133
11222,133
11223,133
11224,133
11227,133
11228,133
11230,133
11235,133
11236,133
11237,133
11239,133
11240,133
11241,133
11242,133
11243,133
11244,133
11245,133
11246,133
11247,133
11248,133
11250,133
11251,133
11252,133
11254,133
11255,133
11257,133
11259,133
11260,133
11261,133
11265,133
11266,133
11267,133
11268,133
11270,133
11273,133
11276,133
11277,133
11278,133
11280,133
11281,133
11284,133
11285,133
11286,133
11287,133
11289,133
11293,133
11294,133
11295,133
11296,136
11297,136
11298,136
11300,136
11302,136
11303,136
11304,136
11306,136
11307,136
11308,136
11311,136
11312,136
11313,136
11315,136
11316,136
11317,136
11318,136
11320,136
11322,136
11323,136
11324,136
11325,136
11326,136
11327,136
11329,136
11330,136
11332,136
11334,136
11335,136
11336,136
11338,136
11339,136
11340,136
11344,136
11346,136
11347,136
11348,136
11350,136
11353,136
11354,136
11356,136
11357,136
11358,136
11359,136
11361,136
11362,136
11363,136
11366,136
11368,136
11369,136
11370,136
11371,136
11372,136
11373,136
11375,132
11377,132
11378,132
11379,132
11380,132
11381,132
11382,132
11383,132
11384,132
11385,132
11386,132
11387,132
11388,132
11389,132
11390,132
11393,132
11394,132
11395,132
11396,132
11398,132
11401,132
11402,132
11403,132
11405,132
11407,132
11408,132
11410,132
11411,132
11412,132
11414,132
11415,132
11416,132
11418,132
11420,132
11421,132
11422,132
11423,132
11424,132
11427,132
11428,132
11429,132
11434,132
11435,132
11436,132
11438,132
11439,132
11440,132
11441,132
11443,132
11444,132
11445,132
11446,132
11447,132
11448,132
11449,132
11450,132
11451,132
11452,132
11453,132
11454,132
11459,132
11460,130
11464,130
11467,130
11468,130
11470,130
11471,130
11472,130
11474,130
11475,130
11476,130
11477,130
11478,130
11479,130
11480,130
11483,130
11484,130
11486,130
11487,130
11489,130
11492,130
11493,130
11494,130
11496,130
11497,130
11498,130
11499,130
11500,130
11502,130
11503,130
11504,130
11505,130
11506,130
11507,130
11508,130
11509,130
11510,130
11511,130
11512,130
11516,130
11517,130
11519,130
11521,130
11522,130
11523,130
11524,130
11525,130
11527,130
11528,130
11529,130
11531,130
11533,130
11534,130
11535,130
11536,130
11537,130
11538,130
11540,130
11543,130
11545,140
11546,140
11548,140
11549,140
11550,140
11551,140
11553,140
11554,140
11555,140
11556,140
11557,140
11559,140
11560,140
11561,140
11564,140
11566,140
11568,140
11569,140
11570,140
11571,140
11572,140
11574,140
11576,140
11577,140
11578,140
11579,140
11580,140
11581,140
11583,140
11584,140
11585,140
11586,140
11588,140
11590,140
11591,140
11592,140
11593,140
11595,140
11596,140
11597,140
11598,140
11599,140
11600,140
11602,140
11603,140
11605,140
11607,140
11609,140
11610,140
11611,140
11612,141
11613,141
11614,141
11618,141
11619,141
11620,141
11621,141
11622,141
11623,141
11624,141
11625,141
11626,141
11627,141
11628,141
11632,141
11633,141
11634,141
11635,141
11636,141
11638,141
11639,141
11641,141
11642,141
11644,141
11646,141
11647,141
11648,141
11650,141
11651,141
11652,141
11653,141
11654,141
11656,141
11657,141
11661,141
11663,141
11665,141
11667,141
11668,141
11669,141
11670,141
11671,141
11672,141
11675,141
11676,141
11677,142
11678,142
11679,142
11681,142
11683,142
11685,142
11687,142
11688,142
11689,142
11692,142
11693,142
11695,142
11696,142
11697,142
11698,142
11699,142
11700,142
11701,142
11705,142
11706,142
11707,142
11708,142
11709,142
11710,142
11711,142
11712,142
11713,142
11715,142
11716,142
11717,142
11718,142
11719,142
11720,142
11722,142
11723,142
11725,142
11726,142
11727,142
11728,142
11729,142
11730,142
11731,142
11733,142
11734,142
11735,142
11736,142
11737,142
11738,142
11739,142
11740,142
11741,142
11743,142
11744,142
11745,142
11746,142
11747,142
11748,142
11750,142
11751,142
11752,142
11753,142
11754,142
11755,142
11756,142
11757,143
11759,143
11760,143
11764,143
11765,143
11767,143
11768,143
11769,143
11770,143
11773,143
11774,143
11776,143
11777,143
11778,143
11779,143
11780,143
11781,143
11782,143
11783,143
11784,143
11787,143
11788,143
11790,143
11792,143
11793,143
11794,143
11795,143
11796,143
11799,143
11800,143
11801,143
11802,143
11803,143
11804,143
11805,143
11806,143
11808,143
11809,143
11810,143
11811,143
11812,143
11813,143
11816,143
11818,143
11819,143
11820,143
11823,143
11824,143
11825,143
11826,143
11829,143
11831,143
11832,143
11833,143
11836,143
11837,143
11840,143
11842,143
11844,143
11845,143
11846,143
11847,143
11848,143
11849,143
11850,147
11851,147
11852,147
11855,147
11856,147
11857,147
11860,147
11861,147
11863,147
11865,147
11866,147
11867,147
11868,147
11869,147
11871,147
11872,147
11873,147
11875,147
11876,147
11877,147
11879,147
11881,147
11882,147
11883,147
11886,147
11888,147
11890,147
11894,147
11896,147
11898,147
11899,147
11900,147
11901,147
11902,147
11903,147
11904,147
11905,147
11906,147
11908,147
11909,147
11910,147
11911,147
11912,147
11913,147
11914,147
11916,147
11917,147
11920,147
11922,147
11923,147
11924,147
11926,147
11928,147
11929,147
11930,147
11932,147
11933,147
11934,147
11935,147
11936,147
11938,148
11940,148
11943,148
11945,148
11946,148
11947,148
11948,148
11949,148
11952,148
11953,148
11955,148
11958,148
11959,148
11960,148
11961,148
11962,148
11965,148
11967,148
11968,148
11969,148
11970,148
11971,148
11973,148
11974,148
11976,148
11978,148
11979,148
11981,148
11982,148
11983,148
11984,148
11985,148
11986,148
11990,148
11993,148
11994,148
11995,148
11996,148
11997,148
11999,148
12001,148
12002,148
12004,148
12005,148
12006,148
12007,148
12008,148
12009,148
12010,148
12011,148
12012,148
12013,148
12015,148
12016,148
12017,148
12018,148
12019,148
12020,148
12021,148
12023,148
12025,146
12026,146
12027,146
12028,146
12032,146
12033,146
12034,146
12035,146
12037,146
12038,146
12041,146
12042,146
12044,146
12045,146
12047,146
12049,146
12051,146
12052,146
12053,146
12055,146
12056,146
12058,146
12059,146
12060,146
12062,146
12063,146
12064,146
12065,146
12066,146
12068,146
12069,146
12070,146
12071,146
12072,146
12073,146
12074,146
12075,146
12076,146
12077,146
12078,146
12080,146
12083,146
12084,146
12085,146
12086,146
12087,146
12091,146
12092,146
12093,146
12094,146
12096,146
12097,146
12098,146
12099,146
12100,146
12101,146
12102,146
12104,146
12105,146
12106,146
12107,146
12108,146
12109,146
12110,146
12111,146
12113,145
12114,145
12116,145
12119,145
12121,145
12122,145
12125,145
12128,145
12129,145
12130,145
12131,145
12132,145
12133,145
12134,145
12135,145
12136,145
12137,145
12138,145
12139,145
12140,145
12143,145
12144,145
12145,145
12146,145
12147,145
12149,145
12150,145
12151,145
12153,145
12156,145
12157,145
12158,145
12162,145
12164,145
12165,145
12169,145
12170,145
12171,145
12173,145
12174,145
12175,145
12176,145
12177,145
12178,145
12182,145
12186,145
12187,145
12189,145
12190,145
12191,145
12193,145
12196,145
12198,145
12199,145
12200,145
12201,145
12202,145
12203,144
12204,144
12205,144
12206,144
12207,144
12208,144
12210,144
12212,144
12213,144
12215,144
12216,144
12217,144
12219,144
12220,144
12221,144
12223,144
12225,144
12226,144
12227,144
12228,144
12229,144
12230,144
12232,144
12233,144
12234,144
12235,144
12236,144
12237,144
12239,144
12241,144
12242,144
12243,144
12244,144
12245,144
12246,144
12247,144
12249,144
12250,144
12251,144
12252,144
12253,144
12254,144
12255,144
12256,144
12258,144
12259,144
12260,144
12261,144
12264,144
12265,144
12266,144
12268,144
12270,144
12273,144
12276,144
12279,144
12281,144
12282,144
12284,144
12285,144
12286,144
12287,144
12290,152
12291,152
12293,152
12294,152
12295,152
12296,152
12297,152
12298,152
12301,152
12302,152
12303,152
12304,152
12306,152
12308,152
12311,152
12312,152
12314,152
12316,152
12319,152
12320,152
12321,152
12323,152
12326,152
12327,152
12328,152
12329,152
12330,152
12332,152
12333,152
12334,152
12335,152
12337,152
12339,152
12341,152
12342,152
12343,152
12346,152
12349,152
12350,152
12352,152
12354,152
12356,152
12358,152
12360,149
12361,149
12362,149
12363,149
12364,149
12365,149
12366,149
12367,149
12371,149
12372,149
12374,149
12375,149
12378,149
12379,149
12380,149
12381,149
12382,149
12383,149
12384,149
12385,149
12386,149
12390,149
12393,149
12395,149
12397,149
12398,149
12399,149
12400,149
12402,149
12403,149
12405,149
12406,149
12407,149
12408,149
12409,149
12411,149
12412,149
12413,149
12414,149
12415,149
12417,149
12419,149
12420,149
12421,149
12422,149
12423,149
12424,149
12425,149
12427,149
12428,149
12430,149
12431,149
12432,149
12433,149
12434,149
12435,149
12436,149
12437,149
12438,149
12439,149
12440,149
12441,149
12442,149
12443,149
12445,149
12447,151
12448,151
12449,151
12450,151
12451,151
12453,151
12455,151
12457,151
12458,151
12459,151
12460,151
12461,151
12462,151
12463,151
12464,151
12466,151
12467,151
12469,151
12470,151
12472,151
12473,151
12475,151
12478,151
12480,151
12481,151
12482,151
12484,151
12485,151
12486,151
12488,151
12489,151
12490,151
12491,151
12492,151
12493,151
12494,151
12496,151
12497,151
12498,151
12499,151
12500,151
12501,151
12502,151
12503,151
12504,151
12506,151
12507,151
12508,151
12509,151
12510,151
12512,151
12513,151
12514,151
12515,151
12516,151
12517,151
12518,150
12519,150
12520,150
12521,150
12522,150
12524,150
12525,150
12526,150
12527,150
12529,150
12530,150
12531,150
12532,150
12534,150
12535,150
12536,150
12537,150
12538,150
12539,150
12540,150
12541,150
12542,150
12543,150
12544,150
12548,150
12549,150
12551,150
12553,150
12554,150
12555,150
12557,150
12558,150
12560,150
12561,150
12564,150
12566,150
12567,150
12570,150
12571,150
12573,150
12575,150
12576,150
12577,150
12578,150
12579,150
12582,150
12584,150
12585,150
12586,150
12588,150
12589,150
12590,150
12591,150
12592,150
12593,150
12594,150
12597,150
12598,150
12599,150
12600,150
12602,150
12605,150
12606,150
12607,154
12608,154
12609,154
12610,154
12611,154
12612,154
12613,154
12615,154
12616,154
12618,154
12620,154
12621,154
12622,154
12624,154
12625,154
12626,154
12628,154
12629,154
12630,154
12631,154
12632,154
12633,154
12634,154
12635,154
12637,154
12638,154
12639,154
12640,154
12642,154
12643,154
12645,154
12646,154
12649,154
12650,154
12651,154
12652,154
12655,154
12656,154
12658,154
12659,154
12660,154
12661,154
12664,154
12666,154
12667,154
12669,154
12672,154
12673,154
12676,154
12677,154
12678,154
12680,154
12681,154
12683,154
12686,154
12687,154
12689,154
12691,154
12693,153
12695,153
12697,153
12699,153
12700,153
12702,153
12703,153
12704,153
12705,153
12706,153
12708,153
12709,153
12710,153
12711,153
12712,153
12713,153
12714,153
12715,153
12717,153
12718,153
12719,153
12720,153
12723,153
12724,153
12726,153
12727,153
12728,153
12729,153
12731,153
12734,153
12735,153
12736,153
12737,153
12739,153
12740,153
12741,153
12744,153
12745,153
12746,153
12747,153
12748,153
12751,153
12753,153
12754,153
12756,153
12757,153
12758,153
12759,153
12760,153
12763,153
12764,153
12766,153
12768,153
12769,153
12770,153
12771,153
12772,153
12773,153
12774,153
12775,153
12777,155
12778,155
12779,155
12781,155
12782,155
12783,155
12788,155
12790,155
12792,155
12793,155
12794,155
12795,155
12796,155
12797,155
12800,155
12801,155
12803,155
12805,155
12806,155
12810,155
12811,155
12813,155
12815,155
12816,155
12819,155
12820,155
12821,155
12822,155
12823,155
12825,155
12826,155
12827,155
12828,155
12830,155
12831,155
12832,155
12834,155
12836,155
12838,155
12839,155
12841,155
12843,155
12844,155
12845,155
12846,155
12847,155
12848,155
12851,155
12852,155
12853,155
12854,155
12855,156
12856,156
12857,156
12858,156
12859,156
12862,156
12863,156
12865,156
12866,156
12867,156
12869,156
12870,156
12871,156
12872,156
12873,156
12874,156
12878,156
12879,156
12880,156
12881,156
12882,156
12884,156
12886,156
12887,156
12889,156
12890,156
12891,156
12897,156
12899,156
12900,156
12902,156
12903,156
12904,156
12905,156
12906,156
12907,156
12908,156
12909,156
12911,156
12912,156
12913,156
12914,156
12915,156
12917,156
12918,156
12919,156
12920,156
12921,156
12922,156
12923,156
12925,156
12926,156
12927,156
12928,157
12932,157
12933,157
12935,157
12936,157
12937,157
12938,157
12940,157
12941,157
12942,157
12944,157
12945,157
12946,157
12948,157
12951,157
12952,157
12954,157
12955,157
12957,157
12960,157
12961,157
12962,157
12964,157
12965,157
12966,157
12967,157
12968,157
12971,157
12972,157
12975,157
12976,157
12977,157
12979,157
12980,157
12981,157
12982,157
12984,157
12985,157
12986,158
12987,158
12989,158
12990,158
12991,158
12992,158
12993,158
12994,158
12995,158
12996,158
12997,158
12998,158
12999,158
13000,158
13001,158
13003,158
13004,158
13005,158
13007,158
13009,158
13010,158
13011,158
13013,158
13014,158
13015,158
13016,158
13017,158
13018,158
13019,158
13020,158
13021,158
13022,158
13023,158
13024,158
13025,158
13026,158
13028,158
13030,158
13031,158
13032,158
13033,158
13034,158
13036,158
13037,158
13038,158
13040,158
13042,158
13043,158
13044,158
13046,158
13047,158
13049,158
13050,158
13053,158
13055,158
13056,158
13058,159
13060,159
13061,159
13062,159
13063,159
13064,159
13069,159
13070,159
13071,159
13072,159
13075,159
13076,159
13078,159
13079,159
13080,159
13083,159
13084,159
13085,159
13086,159
13087,159
13088,159
13089,159
13090,159
13095,159
13097,159
13098,159
13100,159
13102,159
13103,159
13104,159
13105,159
13106,159
13107,159
13108,159
13109,159
13110,159
13112,159
13114,159
13116,159
13117,159
13119,159
13121,159
13122,159
13123,159
13124,159
13125,159
13126,159
13127,159
13128,159
13129,159
13130,159
13131,159
13133,159
13134,159
13137,159
13138,159
13141,159
13142,159
13144,159
13145,159
13147,160
13148,160
13149,160
13151,160
13152,160
13153,160
13154,160
13155,160
13157,160
13158,160
13160,160
13161,160
13162,160
13164,160
13166,160
13167,160
13168,160
13170,160
13171,160
13173,160
13175,160
13176,160
13179,160
13180,160
13181,160
13182,160
13185,160
13186,160
13188,160
13189,160
13190,160
13191,160
13192,160
13193,160
13194,160
13195,160
13196,160
13197,160
13199,160
13200,160
13201,160
13203,160
13204,160
13206,160
13208,160
13209,160
13210,160
13211,160
13212,160
13213,160
13214,160
13215,160
13216,160
13218,160
13220,160
13221,160
13224,160
13225,160
13226,160
13227,160
13228,160
13229,160
13231,160
13233,160
13234,160
13235,160
13237,160
13239,160
13241,160
13242,161
13244,161
13245,161
13246,161
13247,161
13248,161
13251,161
13254,161
13255,161
13257,161
13259,161
13261,161
13262,161
13263,161
13265,161
13266,161
13267,161
13268,161
13273,161
13274,161
13276,161
13278,161
13279,161
13280,161
13281,161
13282,161
13285,161
13286,161
13287,161
13289,161
13290,161
13291,161
13292,161
13293,161
13294,161
13299,161
13300,161
13301,161
13302,161
13303,161
13304,161
13306,161
13307,161
13308,161
13309,161
13312,161
13313,161
13314,161
13315,161
13317,161
13318,161
13319,161
13321,161
13327,161
13329,161
13331,161
13332,161
13333,164
13335,164
13336,164
13337,164
13340,164
13341,164
13342,164
13343,164
13345,164
13346,164
13348,164
13349,164
13350,164
13353,164
13354,164
13355,164
13359,164
13361,164
13362,164
13364,164
13365,164
13368,164
13369,164
13371,164
13372,164
13373,164
13374,164
13375,164
13376,164
13377,164
13380,164
13383,164
13385,164
13390,164
13396,164
13397,164
13399,164
13402,164
13403,164
13404,164
13405,164
13406,162
13409,162
13410,162
13411,162
13412,162
13413,162
13414,162
13415,162
13416,162
13417,162
13418,162
13419,162
13420,162
13422,162
13423,162
13424,162
13425,162
13428,162
13429,162
13430,162
13431,162
13433,162
13434,162
13436,162
13439,162
13444,162
13447,162
13448,162
13449,162
13450,162
13451,162
13453,162
13455,162
13456,162
13458,162
13460,162
13461,162
13462,162
13463,162
13467,162
13469,162
13470,162
13471,162
13472,162
13473,162
13474,162
13475,162
13476,162
13477,162
13480,162
13483,162
13486,162
13487,162
13488,162
13489,162
13491,162
13494,163
13495,163
13496,163
13498,163
13500,163
13502,163
13505,163
13510,163
13511,163
13512,163
13513,163
13515,163
13516,163
13517,163
13519,163
13520,163
13521,163
13523,163
13524,163
13526,163
13528,163
13529,163
13530,163
13532,163
13534,163
13536,163
13537,163
13538,163
13539,163
13541,163
13542,163
13544,163
13546,163
13549,163
13550,163
13551,163
13552,163
13553,163
13554,163
13556,163
13557,163
13558,163
13561,163
13562,163
13564,163
13566,163
13568,163
13569,163
13572,163
13573,163
13575,163
13576,163
13577,163
13578,163
13579,163
13580,163
13581,163
13582,165
13583,165
13585,165
13586,165
13590,165
13592,165
13593,165
13594,165
13595,165
13596,165
13599,165
13600,165
13601,165
13602,165
13604,165
13605,165
13606,165
13608,165
13609,165
13610,165
13612,165
13613,165
13615,165
13616,165
13617,165
13618,165
13621,165
13626,165
13627,165
13628,165
13629,165
13630,165
13631,165
13635,165
13640,165
13643,165
13644,165
13645,165
13647,165
13648,165
13649,165
13650,165
13651,165
13652,165
13656,165
13659,165
13660,165
13662,165
13663,165
13664,166
13665,166
13666,166
13667,166
13668,166
13669,166
13670,166
13673,166
13674,166
13676,166
13677,166
13678,166
13679,166
13681,166
13682,166
13683,166
13686,166
13687,166
13688,166
13689,166
13690,166
13692,166
13693,166
13695,166
13698,166
13700,166
13701,166
13702,166
13704,166
13705,166
13706,166
13708,166
13709,166
13710,166
13713,166
13715,166
13716,166
13717,166
13718,166
13720,166
13721,166
13722,166
13724,166
13725,166
13727,166
13728,166
13729,166
13733,166
13734,166
13735,166
13736,166
13737,166
13738,166
13740,166
13741,166
13742,166
13744,166
13745,166
13746,166
13748,166
13750,166
13753,166
13754,166
13755,166
13757,166
13759,169
13761,169
13762,169
13763,169
13766,169
13767,169
13768,169
13772,169
13773,169
13774,169
13775,169
13777,169
13779,169
13781,169
13783,169
13786,169
13787,169
13788,169
13789,169
13790,169
13791,169
13793,169
13794,169
13796,169
13797,169
13800,169
13802,169
13803,169
13804,169
13805,169
13806,169
13807,169
13811,169
13812,169
13814,169
13815,169
13816,169
13817,169
13819,169
13820,169
13822,169
13823,169
13824,169
13826,169
13827,169
13828,169
13829,169
13830,169
13831,169
13832,169
13833,169
13835,169
13836,169
13840,169
13841,169
13843,170
13845,170
13846,170
13847,170
13848,170
13849,170
13850,170
13851,170
13852,170
13853,170
13854,170
13855,170
13857,170
13858,170
13860,170
13861,170
13862,170
13864,170
13866,170
13867,170
13868,170
13869,170
13870,170
13873,170
13874,170
13877,170
13878,170
13879,170
13880,170
13882,170
13883,170
13885,170
13886,170
13888,170
13889,170
13890,170
13891,170
13892,170
13893,170
13894,170
13895,170
13896,170
13897,170
13898,170
13899,170
13900,170
13902,170
13906,170
13907,170
13908,170
13909,170
13911,170
13914,170
13916,170
13917,170
13918,170
13919,170
13920,168
13921,168
13922,168
13923,168
13924,168
13926,168
13927,168
13928,168
13931,168
13932,168
13936,168
13937,168
13938,168
13939,168
13941,168
13942,168
13943,168
13945,168
13946,168
13947,168
13948,168
13949,168
13951,168
13952,168
13953,168
13955,168
13957,168
13958,168
13959,168
13960,168
13962,168
13964,168
13965,168
13966,168
13967,168
13968,168
13969,168
13971,168
13973,168
13977,168
13979,168
13980,168
13981,168
13982,168
13983,168
13984,168
13985,168
13986,168
13988,168
13990,168
13991,168
13995,168
13996,168
13999,168
14000,168
14001,168
14003,168
14004,168
14008,167
14009,167
14010,167
14011,167
14016,167
14017,167
14020,167
14021,167
14022,167
14023,167
14024,167
14026,167
14027,167
14029,167
14030,167
14031,167
14032,167
14033,167
14034,167
14035,167
14036,167
14037,167
14038,167
14039,167
14040,167
14042,167
14043,167
14044,167
14045,167
14046,167
14047,167
14049,167
14050,167
14051,167
14052,167
14053,167
14054,167
14055,167
14056,167
14057,167
14059,167
14061,167
14063,167
14065,167
14066,167
14067,167
14068,167
14069,167
14070,167
14071,167
14077,167
14078,167
14079,167
14080,167
14081,167
14082,167
14083,167
14085,167
14087,167
14089,167
14092,167
14093,167
14094,167
14095,167
14098,167
14100,171
14101,171
14103,171
14106,171
14107,171
14110,171
14111,171
14112,171
14113,171
14115,171
14116,171
14118,171
14119,171
14120,171
14121,171
14122,171
14123,171
14124,171
14125,171
14127,171
14128,171
14130,171
14131,171
14133,171
14134,171
14137,171
14139,171
14140,171
14141,171
14142,171
14143,171
14144,171
14146,171
14148,171
14149,171
14150,171
14152,171
14153,171
14154,171
14156,171
14157,171
14158,171
14159,171
14160,171
14162,171
14163,171
14164,171
14165,171
14166,171
14167,171
14168,171
14169,171
14170,171
14171,171
14173,171
14175,171
14176,171
14177,171
14187,171
14188,172
14189,172
14190,172
14192,172
14193,172
14194,172
14195,172
14196,172
14197,172
14200,172
14201,172
14204,172
14205,172
14207,172
14209,172
14210,172
14211,172
14212,172
14213,172
14215,172
14216,172
14217,172
14218,172
14219,172
14221,172
14223,172
14225,172
14226,172
14227,172
14228,172
14229,172
14230,172
14231,172
14232,172
14233,172
14234,172
14235,172
14236,172
14237,172
14239,172
14240,172
14241,172
14242,172
14243,172
14248,172
14249,172
14250,172
14251,172
14252,172
14254,172
14256,172
14257,172
14258,172
14259,172
14260,172
14262,172
14263,172
14264,172
14266,172
14267,172
14268,172
14270,172
14271,172
14272,172
14274,172
14276,173
14277,173
14278,173
14279,173
14281,173
14283,173
14284,173
14285,173
14286,173
14287,173
14288,173
14290,173
14292,173
14293,173
14294,173
14295,173
14296,173
14297,173
14298,173
14299,173
14300,173
14301,173
14302,173
14304,173
14305,173
14306,173
14307,173
14308,173
14309,173
14311,173
14312,173
14313,173
14314,173
14315,173
14316,173
14317,173
14318,173
14319,173
14320,173
14321,173
14322,173
14324,173
14325,173
14327,173
14328,173
14330,173
14331,173
14333,173
14334,173
14336,173
14340,173
14341,173
14344,173
14345,173
14347,173
14349,173
14351,173
14354,173
14356,173
14358,175
14359,175
14361,175
14363,175
14365,175
14367,175
14368,175
14369,175
14370,175
14371,175
14376,175
14377,175
14380,175
14382,175
14385,175
14386,175
14388,175
14389,175
14390,175
14391,175
14392,175
14393,175
14394,175
14398,175
14399,175
14400,175
14401,175
14402,175
14403,175
14404,175
14405,175
14406,175
14407,175
14408,175
14410,175
14411,175
14414,175
14416,175
14417,175
14418,174
14419,174
14421,174
14422,174
14423,174
14426,174
14427,174
14428,174
14430,174
14431,174
14432,174
14433,174
14435,174
14436,174
14437,174
14438,174
14439,174
14441,174
14442,174
14443,174
14445,174
14448,174
14449,174
14451,174
14452,174
14453,174
14454,174
14455,174
14456,174
14458,174
14459,174
14460,174
14461,174
14462,174
14464,174
14466,174
14467,174
14468,174
14470,174
14471,174
14472,174
14473,174
14474,174
14476,174
14477,174
14480,174
14481,174
14484,174
14485,174
14486,174
14487,174
14489,174
14490,174
14492,174
14493,174
14494,174
14495,176
14496,176
14497,176
14498,176
14499,176
14500,176
14501,176
14502,176
14505,176
14506,176
14507,176
14509,176
14512,176
14513,176
14514,176
14515,176
14518,176
14519,176
14521,176
14522,176
14523,176
14526,176
14527,176
14529,176
14530,176
14531,176
14532,176
14533,176
14534,176
14536,176
14537,176
14538,176
14542,176
14543,176
14544,176
14545,176
14546,176
14547,176
14548,176
14549,176
14550,176
14552,176
14553,176
14554,176
14555,176
14556,176
14557,176
14559,176
14560,176
14561,176
14562,176
14563,176
14565,176
14566,176
14568,176
14569,176
14571,176
14572,176
14574,176
14575,176
14576,176
14577,176
14580,176
14581,176
14582,176
14583,177
14584,177
14585,177
14586,177
14587,177
14589,177
14593,177
14594,177
14595,177
14596,177
14599,177
14600,177
14601,177
14602,177
14603,177
14604,177
14605,177
14606,177
14607,177
14608,177
14610,177
14612,177
14614,177
14615,177
14616,177
14617,177
14619,177
14620,177
14621,177
14623,177
14624,177
14625,177
14627,177
14628,177
14629,177
14630,177
14631,177
14632,177
14633,177
14635,177
14638,177
14639,177
14641,177
14642,177
14644,177
14645,177
14646,177
14648,177
14649,177
14651,177
14652,177
14653,177
14654,177
14656,177
14657,177
14658,177
14659,177
14661,177
14664,177
14665,177
14667,178
14668,178
14671,178
14672,178
14673,178
14674,178
14675,178
14677,178
14679,178
14681,178
14682,178
14683,178
14685,178
14688,178
14689,178
14690,178
14691,178
14692,178
14693,178
14694,178
14696,178
14697,178
14698,178
14702,178
14703,178
14704,178
14705,178
14709,178
14710,178
14714,178
14716,178
14718,178
14721,178
14722,178
14724,178
14726,178
14727,178
14730,178
14731,178
14736,178
14737,178
14738,178
14740,178
14743,178
14744,178
14745,178
14746,178
14747,178
14749,178
14750,178
14752,178
14753,178
14754,178
14755,178
14757,179
14758,179
14761,179
14762,179
14763,179
14765,179
14766,179
14768,179
14770,179
14771,179
14773,179
14774,179
14775,179
14776,179
14777,179
14780,179
14781,179
14782,179
14783,179
14786,179
14788,179
14789,179
14791,179
14792,179
14793,179
14794,179
14795,179
14796,179
14798,179
14799,179
14800,179
14801,179
14802,179
14805,179
14808,179
14809,179
14810,179
14811,179
14812,179
14814,179
14815,179
14816,179
14817,179
14819,179
14821,179
14822,179
14824,179
14825,179
14826,179
14828,179
14829,179
14831,179
14833,179
14834,179
14838,179
14839,179
14840,179
14841,180
14842,180
14844,180
14845,180
14846,180
14847,180
14850,180
14851,180
14852,180
14853,180
14856,180
14858,180
14859,180
14860,180
14861,180
14865,180
14867,180
14868,180
14869,180
14870,180
14871,180
14872,180
14873,180
14874,180
14876,180
14877,180
14878,180
14879,180
14880,180
14881,180
14882,180
14883,180
14884,180
14885,180
14886,180
14887,180
14888,180
14892,180
14893,180
14894,180
14895,180
14897,180
14899,180
14901,180
14903,180
14905,180
14906,180
14907,180
14910,180
14912,180
14913,180
14914,180
14915,180
14916,180
14919,181
14920,181
14921,181
14922,181
14924,181
14925,181
14926,181
14928,181
14931,181
14932,181
14936,181
14937,181
14938,181
14939,181
14940,181
14941,181
14942,181
14944,181
14947,181
14948,181
14949,181
14952,181
14953,181
14954,181
14955,181
14956,181
14957,181
14958,181
14960,181
14964,181
14965,181
14969,181
14970,181
14971,181
14972,181
14975,181
14976,181
14977,181
14978,181
14979,181
14980,181
14981,181
14982,181
14985,181
14986,181
14987,181
14988,181
14992,181
14994,181
14995,181
14996,181
14997,181
14999,181
15000,181
15002,181
15004,181
15005,181
15007,181
15009,182
15011,182
15013,182
15014,182
15015,182
15016,182
15017,182
15018,182
15019,182
15020,182
15021,182
15022,182
15023,182
15024,182
15025,182
15026,182
15027,182
15028,182
15029,182
15030,182
15031,182
15032,182
15034,182
15035,182
15037,182
15038,182
15039,182
15040,182
15041,182
15042,182
15044,182
15046,182
15047,182
15048,182
15049,182
15050,182
15052,182
15054,182
15055,182
15059,182
15060,182
15061,182
15063,182
15064,182
15067,182
15068,182
15069,182
15071,182
15072,182
15073,182
15074,182
15075,182
15077,182
15078,182
15079,182
15081,182
15082,182
15085,182
15086,182
15087,182
15089,182
15090,182
15091,182
15092,182
15095,183
15096,183
15097,183
15098,183
15100,183
15103,183
15104,183
15105,183
15107,183
15108,183
15110,183
15111,183
15112,183
15113,183
15114,183
15115,183
15118,183
15119,183
15120,183
15121,183
15122,183
15125,183
15128,183
15129,183
15130,183
15132,183
15134,183
15135,183
15136,183
15137,183
15141,183
15142,183
15143,183
15144,183
15145,183
15147,183
15148,183
15150,183
15153,183
15154,183
15155,183
15156,183
15157,183
15160,183
15163,183
15166,183
15167,183
15168,183
15170,183
15171,183
15172,183
15173,183
15175,184
15176,184
15177,184
15181,184
15182,184
15183,184
15184,184
15185,184
15186,184
15188,184
15189,184
15190,184
15191,184
15192,184
15193,184
15194,184
15195,184
15196,184
15198,184
15200,184
15203,184
15204,184
15205,184
15206,184
15207,184
15208,184
15209,184
15211,184
15213,184
15218,184
15219,184
15221,184
15222,184
15223,184
15224,184
15225,184
15226,184
15227,184
15228,184
15229,184
15230,184
15232,184
15233,184
15234,184
15236,184
15237,184
15238,184
15239,184
15240,184
15243,184
15244,184
15245,184
15246,184
15248,184
15249,184
15250,184
15252,188
15253,188
15255,188
15256,188
15257,188
15259,188
15260,188
15261,188
15262,188
15264,188
15266,188
15267,188
15268,188
15269,188
15270,188
15271,188
15272,188
15273,188
15274,188
15275,188
15276,188
15277,188
15279,188
15280,188
15283,188
15284,188
15285,188
15287,188
15288,188
15289,188
15291,188
15292,188
15294,188
15296,188
15297,188
15298,188
15299,188
15300,188
15301,188
15303,188
15304,188
15305,188
15307,188
15308,188
15310,188
15311,188
15312,188
15315,188
15317,188
15318,188
15320,188
15321,188
15322,188
15324,188
15325,188
15326,188
15327,188
15328,186
15329,186
15333,186
15334,186
15335,186
15336,186
15337,186
15338,186
15339,186
15340,186
15342,186
15343,186
15344,186
15345,186
15346,186
15349,186
15350,186
15352,186
15354,186
15355,186
15357,186
15358,186
15359,186
15360,186
15361,186
15363,186
15364,186
15365,186
15366,186
15367,186
15368,186
15372,186
15373,186
15374,186
15375,186
15377,186
15379,186
15381,186
15382,186
15383,186
15384,186
15385,186
15387,186
15388,186
15389,186
15390,186
15392,186
15394,186
15395,186
15397,186
15398,186
15399,186
15400,186
15402,186
15403,186
15404,186
15407,186
15408,186
15409,186
15410,186
15411,186
15413,186
15414,186
15415,187
15419,187
15420,187
15421,187
15422,187
15423,187
15424,187
15425,187
15426,187
15429,187
15431,187
15433,187
15437,187
15438,187
15439,187
15441,187
15442,187
15444,187
15446,187
15447,187
15449,187
15450,187
15451,187
15452,187
15453,187
15455,187
15457,187
15459,187
15460,187
15461,187
15462,187
15466,187
15467,187
15468,187
15469,187
15470,187
15471,187
15472,187
15475,187
15478,187
15479,187
15480,187
15481,187
15482,187
15483,187
15484,187
15486,187
15487,187
15488,187
15489,187
15492,187
15493,187
15495,187
15496,187
15498,187
15500,187
15501,187
15502,185
15503,185
15504,185
15505,185
15506,185
15507,185
15509,185
15510,185
15512,185
15513,185
15514,185
15518,185
15520,185
15521,185
15522,185
15523,185
15524,185
15526,185
15527,185
15528,185
15529,185
15531,185
15532,185
15533,185
15535,185
15536,185
15538,185
15539,185
15540,185
15541,185
15542,185
15543,185
15545,185
15546,185
15548,185
15549,185
15553,185
15556,185
15557,185
15560,185
15561,185
15562,185
15566,185
15568,185
15569,185
15571,185
15572,185
15573,185
15574,185
15575,185
15576,185
15577,185
15578,185
15579,185
15580,185
15581,185
15583,191
15587,191
15589,191
15590,191
15591,191
15592,191
15596,191
15598,191
15599,191
15601,191
15602,191
15603,191
15604,191
15606,191
15608,191
15609,191
15610,191
15611,191
15615,191
15617,191
15618,191
15619,191
15620,191
15621,191
15622,191
15623,191
15625,191
15626,191
15627,191
15629,191
15630,191
15631,191
15632,191
15633,191
15634,191
15636,191
15637,191
15638,191
15640,191
15641,191
15642,191
15644,191
15645,191
15647,191
15650,191
15651,191
15652,191
15653,191
15654,191
15655,191
15659,191
15661,191
15662,191
15663,191
15664,191
15665,191
15666,191
15667,191
15668,191
15669,190
15670,190
15671,190
15672,190
15673,190
15674,190
15675,190
15676,190
15677,190
15678,190
15681,190
15682,190
15686,190
15687,190
15688,190
15691,190
15692,190
15693,190
15694,190
15695,190
15698,190
15699,190
15700,190
15702,190
15704,190
15705,190
15706,190
15707,190
15708,190
15711,190
15713,190
15715,190
15717,190
15719,190
15720,190
15721,190
15723,190
15724,190
15725,190
15726,190
15727,190
15728,190
15729,190
15731,190
15732,190
15733,190
15734,190
15738,190
15739,190
15740,190
15741,190
15742,190
15743,190
15744,190
15746,190
15747,190
15748,190
15749,190
15753,190
15755,190
15757,190
15758,190
15760,190
15761,189
15762,189
15764,189
15765,189
15766,189
15768,189
15769,189
15770,189
15773,189
15774,189
15775,189
15776,189
15779,189
15780,189
15781,189
15782,189
15785,189
15786,189
15787,189
15788,189
15791,189
15795,189
15796,189
15800,189
15801,189
15802,189
15804,189
15806,189
15807,189
15808,189
15809,189
15810,189
15811,189
15812,189
15814,189
15815,189
15816,189
15817,189
15818,189
15820,189
15822,189
15826,189
15827,189
15831,189
15833,189
15836,189
15840,189
15841,189
15842,189
15843,189
15844,189
15847,193
15848,193
15849,193
15851,193
15853,193
15854,193
15858,193
15859,193
15860,193
15861,193
15862,193
15864,193
15865,193
15866,193
15867,193
15868,193
15869,193
15871,193
15873,193
15874,193
15878,193
15879,193
15880,193
15881,193
15882,193
15883,193
15884,193
15885,193
15886,193
15887,193
15888,193
15890,193
15891,193
15892,193
15893,193
15894,193
15895,193
15897,193
15898,193
15900,193
15901,193
15902,193
15903,193
15904,193
15905,193
15906,193
15910,193
15911,193
15912,193
15914,193
15915,193
15916,193
15917,193
15920,193
15921,193
15923,193
15924,193
15926,193
15928,193
15929,192
15930,192
15932,192
15935,192
15936,192
15937,192
15938,192
15939,192
15940,192
15941,192
15944,192
15947,192
15948,192
15949,192
15950,192
15953,192
15954,192
15955,192
15956,192
15957,192
15958,192
15961,192
15966,192
15967,192
15968,192
15969,192
15970,192
15972,192
15973,192
15974,192
15975,192
15977,192
15978,192
15979,192
15980,192
15981,192
15982,192
15984,192
15986,192
15987,192
15988,192
15989,192
15991,192
15993,192
15994,192
15995,192
15998,192
15999,192
16000,192
16004,192
16006,192
16007,192
16008,192
16009,192
16012,192
16015,192
16016,192
16017,192
16019,192
16020,194
16021,194
16022,194
16023,194
16024,194
16026,194
16028,194
16029,194
16030,194
16031,194
16033,194
16034,194
16035,194
16036,194
16037,194
16038,194
16039,194
16040,194
16041,194
16043,194
16044,194
16046,194
16047,194
16048,194
16052,194
16054,194
16055,194
16057,194
16058,194
16059,194
16060,194
16065,194
16066,194
16067,194
16068,194
16069,194
16071,194
16072,194
16073,194
16074,194
16079,194
16080,194
16083,194
16089,194
16090,194
16091,194
16092,194
16093,194
16095,194
16096,194
16097,194
16098,194
16099,194
16100,194
16101,194
16102,194
16105,194
16106,195
16109,195
16110,195
16111,195
16113,195
16116,195
16117,195
16119,195
16120,195
16121,195
16124,195
16125,195
16126,195
16127,195
16128,195
16130,195
16135,195
16136,195
16137,195
16138,195
16139,195
16141,195
16143,195
16145,195
16146,195
16147,195
16148,195
16149,195
16150,195
16151,195
16152,195
16153,195
16154,195
16157,195
16158,195
16159,195
16160,195
16161,195
16162,195
16164,195
16166,195
16167,195
16170,195
16171,195
16173,195
16174,195
16177,195
16178,195
16179,195
16182,195
16183,195
16184,195
16185,195
